name,smiles_original,smiles_std,inhibitor/substrate,protein,result,outside_applicability_domain
Verapamil,COC1=C(OC)C=C(CCN(C)CCCC(C#N)(C(C)C)C2=CC(OC)=C(OC)C=C2)C=C1,COc1ccc(CCN(C)CCCC(C#N)(c2ccc(OC)c(OC)c2)C(C)C)cc1OC,inhibitor,BCRP_inhibitor,True,True
Verapamil,COC1=C(OC)C=C(CCN(C)CCCC(C#N)(C(C)C)C2=CC(OC)=C(OC)C=C2)C=C1,COc1ccc(CCN(C)CCCC(C#N)(c2ccc(OC)c(OC)c2)C(C)C)cc1OC,inhibitor,BSEP_inhibitor,False,True
Verapamil,COC1=C(OC)C=C(CCN(C)CCCC(C#N)(C(C)C)C2=CC(OC)=C(OC)C=C2)C=C1,COc1ccc(CCN(C)CCCC(C#N)(c2ccc(OC)c(OC)c2)C(C)C)cc1OC,inhibitor,MRP1_inhibitor,True,True
Verapamil,COC1=C(OC)C=C(CCN(C)CCCC(C#N)(C(C)C)C2=CC(OC)=C(OC)C=C2)C=C1,COc1ccc(CCN(C)CCCC(C#N)(c2ccc(OC)c(OC)c2)C(C)C)cc1OC,inhibitor,OATP1B1_inhibitor,False,True
Verapamil,COC1=C(OC)C=C(CCN(C)CCCC(C#N)(C(C)C)C2=CC(OC)=C(OC)C=C2)C=C1,COc1ccc(CCN(C)CCCC(C#N)(c2ccc(OC)c(OC)c2)C(C)C)cc1OC,inhibitor,OATP1B3_inhibitor,False,True
Verapamil,COC1=C(OC)C=C(CCN(C)CCCC(C#N)(C(C)C)C2=CC(OC)=C(OC)C=C2)C=C1,COc1ccc(CCN(C)CCCC(C#N)(c2ccc(OC)c(OC)c2)C(C)C)cc1OC,inhibitor,PGP_inhibitor,True,True
Verapamil,COC1=C(OC)C=C(CCN(C)CCCC(C#N)(C(C)C)C2=CC(OC)=C(OC)C=C2)C=C1,COc1ccc(CCN(C)CCCC(C#N)(c2ccc(OC)c(OC)c2)C(C)C)cc1OC,inhibitor,MATE1_inhibitor,False,False
Verapamil,COC1=C(OC)C=C(CCN(C)CCCC(C#N)(C(C)C)C2=CC(OC)=C(OC)C=C2)C=C1,COc1ccc(CCN(C)CCCC(C#N)(c2ccc(OC)c(OC)c2)C(C)C)cc1OC,inhibitor,MATE2_inhibitor,False,False
Verapamil,COC1=C(OC)C=C(CCN(C)CCCC(C#N)(C(C)C)C2=CC(OC)=C(OC)C=C2)C=C1,COc1ccc(CCN(C)CCCC(C#N)(c2ccc(OC)c(OC)c2)C(C)C)cc1OC,inhibitor,OAT1_inhibitor,False,False
Verapamil,COC1=C(OC)C=C(CCN(C)CCCC(C#N)(C(C)C)C2=CC(OC)=C(OC)C=C2)C=C1,COc1ccc(CCN(C)CCCC(C#N)(c2ccc(OC)c(OC)c2)C(C)C)cc1OC,inhibitor,OAT3_inhibitor,False,False
Verapamil,COC1=C(OC)C=C(CCN(C)CCCC(C#N)(C(C)C)C2=CC(OC)=C(OC)C=C2)C=C1,COc1ccc(CCN(C)CCCC(C#N)(c2ccc(OC)c(OC)c2)C(C)C)cc1OC,inhibitor,OCT2_inhibitor,False,False
Verapamil,COC1=C(OC)C=C(CCN(C)CCCC(C#N)(C(C)C)C2=CC(OC)=C(OC)C=C2)C=C1,COc1ccc(CCN(C)CCCC(C#N)(c2ccc(OC)c(OC)c2)C(C)C)cc1OC,inhibitor,MRP2_inhibitor,True,True
Verapamil,COC1=C(OC)C=C(CCN(C)CCCC(C#N)(C(C)C)C2=CC(OC)=C(OC)C=C2)C=C1,COc1ccc(CCN(C)CCCC(C#N)(c2ccc(OC)c(OC)c2)C(C)C)cc1OC,substrate,BCRP_substrate,False,False
Verapamil,COC1=C(OC)C=C(CCN(C)CCCC(C#N)(C(C)C)C2=CC(OC)=C(OC)C=C2)C=C1,COc1ccc(CCN(C)CCCC(C#N)(c2ccc(OC)c(OC)c2)C(C)C)cc1OC,substrate,MRP1_substrate,True,True
Verapamil,COC1=C(OC)C=C(CCN(C)CCCC(C#N)(C(C)C)C2=CC(OC)=C(OC)C=C2)C=C1,COc1ccc(CCN(C)CCCC(C#N)(c2ccc(OC)c(OC)c2)C(C)C)cc1OC,substrate,PGP_substrate,True,True
Verapamil,COC1=C(OC)C=C(CCN(C)CCCC(C#N)(C(C)C)C2=CC(OC)=C(OC)C=C2)C=C1,COc1ccc(CCN(C)CCCC(C#N)(c2ccc(OC)c(OC)c2)C(C)C)cc1OC,substrate,BSEP_substrate,False,False
Verapamil,COC1=C(OC)C=C(CCN(C)CCCC(C#N)(C(C)C)C2=CC(OC)=C(OC)C=C2)C=C1,COc1ccc(CCN(C)CCCC(C#N)(c2ccc(OC)c(OC)c2)C(C)C)cc1OC,substrate,MATE1_substrate,False,False
Verapamil,COC1=C(OC)C=C(CCN(C)CCCC(C#N)(C(C)C)C2=CC(OC)=C(OC)C=C2)C=C1,COc1ccc(CCN(C)CCCC(C#N)(c2ccc(OC)c(OC)c2)C(C)C)cc1OC,substrate,MATE2_substrate,False,False
Verapamil,COC1=C(OC)C=C(CCN(C)CCCC(C#N)(C(C)C)C2=CC(OC)=C(OC)C=C2)C=C1,COc1ccc(CCN(C)CCCC(C#N)(c2ccc(OC)c(OC)c2)C(C)C)cc1OC,substrate,OAT1_substrate,False,False
Verapamil,COC1=C(OC)C=C(CCN(C)CCCC(C#N)(C(C)C)C2=CC(OC)=C(OC)C=C2)C=C1,COc1ccc(CCN(C)CCCC(C#N)(c2ccc(OC)c(OC)c2)C(C)C)cc1OC,substrate,OAT3_substrate,False,False
Verapamil,COC1=C(OC)C=C(CCN(C)CCCC(C#N)(C(C)C)C2=CC(OC)=C(OC)C=C2)C=C1,COc1ccc(CCN(C)CCCC(C#N)(c2ccc(OC)c(OC)c2)C(C)C)cc1OC,substrate,OATP1B1_substrate,False,False
Verapamil,COC1=C(OC)C=C(CCN(C)CCCC(C#N)(C(C)C)C2=CC(OC)=C(OC)C=C2)C=C1,COc1ccc(CCN(C)CCCC(C#N)(c2ccc(OC)c(OC)c2)C(C)C)cc1OC,substrate,OATP1B3_substrate,False,False
Verapamil,COC1=C(OC)C=C(CCN(C)CCCC(C#N)(C(C)C)C2=CC(OC)=C(OC)C=C2)C=C1,COc1ccc(CCN(C)CCCC(C#N)(c2ccc(OC)c(OC)c2)C(C)C)cc1OC,substrate,OCT2_substrate,False,True
Verapamil,COC1=C(OC)C=C(CCN(C)CCCC(C#N)(C(C)C)C2=CC(OC)=C(OC)C=C2)C=C1,COc1ccc(CCN(C)CCCC(C#N)(c2ccc(OC)c(OC)c2)C(C)C)cc1OC,substrate,MRP2_substrate,False,False
Lopinavir,CC1=C(C(=CC=C1)C)OCC(=O)NC(CC2=CC=CC=C2)C(CC(CC3=CC=CC=C3)NC(=O)C(C(C)C)N4CCCNC4=O)O,Cc1cccc(C)c1OCC(=O)NC(Cc1ccccc1)C(O)CC(Cc1ccccc1)NC(=O)C(C(C)C)N1CCCNC1=O,inhibitor,BCRP_inhibitor,False,True
Lopinavir,CC1=C(C(=CC=C1)C)OCC(=O)NC(CC2=CC=CC=C2)C(CC(CC3=CC=CC=C3)NC(=O)C(C(C)C)N4CCCNC4=O)O,Cc1cccc(C)c1OCC(=O)NC(Cc1ccccc1)C(O)CC(Cc1ccccc1)NC(=O)C(C(C)C)N1CCCNC1=O,inhibitor,BSEP_inhibitor,False,True
Lopinavir,CC1=C(C(=CC=C1)C)OCC(=O)NC(CC2=CC=CC=C2)C(CC(CC3=CC=CC=C3)NC(=O)C(C(C)C)N4CCCNC4=O)O,Cc1cccc(C)c1OCC(=O)NC(Cc1ccccc1)C(O)CC(Cc1ccccc1)NC(=O)C(C(C)C)N1CCCNC1=O,inhibitor,MRP1_inhibitor,True,True
Lopinavir,CC1=C(C(=CC=C1)C)OCC(=O)NC(CC2=CC=CC=C2)C(CC(CC3=CC=CC=C3)NC(=O)C(C(C)C)N4CCCNC4=O)O,Cc1cccc(C)c1OCC(=O)NC(Cc1ccccc1)C(O)CC(Cc1ccccc1)NC(=O)C(C(C)C)N1CCCNC1=O,inhibitor,OATP1B1_inhibitor,True,True
Lopinavir,CC1=C(C(=CC=C1)C)OCC(=O)NC(CC2=CC=CC=C2)C(CC(CC3=CC=CC=C3)NC(=O)C(C(C)C)N4CCCNC4=O)O,Cc1cccc(C)c1OCC(=O)NC(Cc1ccccc1)C(O)CC(Cc1ccccc1)NC(=O)C(C(C)C)N1CCCNC1=O,inhibitor,OATP1B3_inhibitor,True,True
Lopinavir,CC1=C(C(=CC=C1)C)OCC(=O)NC(CC2=CC=CC=C2)C(CC(CC3=CC=CC=C3)NC(=O)C(C(C)C)N4CCCNC4=O)O,Cc1cccc(C)c1OCC(=O)NC(Cc1ccccc1)C(O)CC(Cc1ccccc1)NC(=O)C(C(C)C)N1CCCNC1=O,inhibitor,PGP_inhibitor,True,True
Lopinavir,CC1=C(C(=CC=C1)C)OCC(=O)NC(CC2=CC=CC=C2)C(CC(CC3=CC=CC=C3)NC(=O)C(C(C)C)N4CCCNC4=O)O,Cc1cccc(C)c1OCC(=O)NC(Cc1ccccc1)C(O)CC(Cc1ccccc1)NC(=O)C(C(C)C)N1CCCNC1=O,inhibitor,MATE1_inhibitor,False,True
Lopinavir,CC1=C(C(=CC=C1)C)OCC(=O)NC(CC2=CC=CC=C2)C(CC(CC3=CC=CC=C3)NC(=O)C(C(C)C)N4CCCNC4=O)O,Cc1cccc(C)c1OCC(=O)NC(Cc1ccccc1)C(O)CC(Cc1ccccc1)NC(=O)C(C(C)C)N1CCCNC1=O,inhibitor,MATE2_inhibitor,False,True
Lopinavir,CC1=C(C(=CC=C1)C)OCC(=O)NC(CC2=CC=CC=C2)C(CC(CC3=CC=CC=C3)NC(=O)C(C(C)C)N4CCCNC4=O)O,Cc1cccc(C)c1OCC(=O)NC(Cc1ccccc1)C(O)CC(Cc1ccccc1)NC(=O)C(C(C)C)N1CCCNC1=O,inhibitor,OAT1_inhibitor,False,False
Lopinavir,CC1=C(C(=CC=C1)C)OCC(=O)NC(CC2=CC=CC=C2)C(CC(CC3=CC=CC=C3)NC(=O)C(C(C)C)N4CCCNC4=O)O,Cc1cccc(C)c1OCC(=O)NC(Cc1ccccc1)C(O)CC(Cc1ccccc1)NC(=O)C(C(C)C)N1CCCNC1=O,inhibitor,OAT3_inhibitor,False,False
Lopinavir,CC1=C(C(=CC=C1)C)OCC(=O)NC(CC2=CC=CC=C2)C(CC(CC3=CC=CC=C3)NC(=O)C(C(C)C)N4CCCNC4=O)O,Cc1cccc(C)c1OCC(=O)NC(Cc1ccccc1)C(O)CC(Cc1ccccc1)NC(=O)C(C(C)C)N1CCCNC1=O,inhibitor,OCT2_inhibitor,False,True
Lopinavir,CC1=C(C(=CC=C1)C)OCC(=O)NC(CC2=CC=CC=C2)C(CC(CC3=CC=CC=C3)NC(=O)C(C(C)C)N4CCCNC4=O)O,Cc1cccc(C)c1OCC(=O)NC(Cc1ccccc1)C(O)CC(Cc1ccccc1)NC(=O)C(C(C)C)N1CCCNC1=O,inhibitor,MRP2_inhibitor,True,True
Lopinavir,CC1=C(C(=CC=C1)C)OCC(=O)NC(CC2=CC=CC=C2)C(CC(CC3=CC=CC=C3)NC(=O)C(C(C)C)N4CCCNC4=O)O,Cc1cccc(C)c1OCC(=O)NC(Cc1ccccc1)C(O)CC(Cc1ccccc1)NC(=O)C(C(C)C)N1CCCNC1=O,substrate,BCRP_substrate,False,True
Lopinavir,CC1=C(C(=CC=C1)C)OCC(=O)NC(CC2=CC=CC=C2)C(CC(CC3=CC=CC=C3)NC(=O)C(C(C)C)N4CCCNC4=O)O,Cc1cccc(C)c1OCC(=O)NC(Cc1ccccc1)C(O)CC(Cc1ccccc1)NC(=O)C(C(C)C)N1CCCNC1=O,substrate,MRP1_substrate,False,True
Lopinavir,CC1=C(C(=CC=C1)C)OCC(=O)NC(CC2=CC=CC=C2)C(CC(CC3=CC=CC=C3)NC(=O)C(C(C)C)N4CCCNC4=O)O,Cc1cccc(C)c1OCC(=O)NC(Cc1ccccc1)C(O)CC(Cc1ccccc1)NC(=O)C(C(C)C)N1CCCNC1=O,substrate,PGP_substrate,True,True
Lopinavir,CC1=C(C(=CC=C1)C)OCC(=O)NC(CC2=CC=CC=C2)C(CC(CC3=CC=CC=C3)NC(=O)C(C(C)C)N4CCCNC4=O)O,Cc1cccc(C)c1OCC(=O)NC(Cc1ccccc1)C(O)CC(Cc1ccccc1)NC(=O)C(C(C)C)N1CCCNC1=O,substrate,BSEP_substrate,False,True
Lopinavir,CC1=C(C(=CC=C1)C)OCC(=O)NC(CC2=CC=CC=C2)C(CC(CC3=CC=CC=C3)NC(=O)C(C(C)C)N4CCCNC4=O)O,Cc1cccc(C)c1OCC(=O)NC(Cc1ccccc1)C(O)CC(Cc1ccccc1)NC(=O)C(C(C)C)N1CCCNC1=O,substrate,MATE1_substrate,False,True
Lopinavir,CC1=C(C(=CC=C1)C)OCC(=O)NC(CC2=CC=CC=C2)C(CC(CC3=CC=CC=C3)NC(=O)C(C(C)C)N4CCCNC4=O)O,Cc1cccc(C)c1OCC(=O)NC(Cc1ccccc1)C(O)CC(Cc1ccccc1)NC(=O)C(C(C)C)N1CCCNC1=O,substrate,MATE2_substrate,False,False
Lopinavir,CC1=C(C(=CC=C1)C)OCC(=O)NC(CC2=CC=CC=C2)C(CC(CC3=CC=CC=C3)NC(=O)C(C(C)C)N4CCCNC4=O)O,Cc1cccc(C)c1OCC(=O)NC(Cc1ccccc1)C(O)CC(Cc1ccccc1)NC(=O)C(C(C)C)N1CCCNC1=O,substrate,OAT1_substrate,False,False
Lopinavir,CC1=C(C(=CC=C1)C)OCC(=O)NC(CC2=CC=CC=C2)C(CC(CC3=CC=CC=C3)NC(=O)C(C(C)C)N4CCCNC4=O)O,Cc1cccc(C)c1OCC(=O)NC(Cc1ccccc1)C(O)CC(Cc1ccccc1)NC(=O)C(C(C)C)N1CCCNC1=O,substrate,OAT3_substrate,False,True
Lopinavir,CC1=C(C(=CC=C1)C)OCC(=O)NC(CC2=CC=CC=C2)C(CC(CC3=CC=CC=C3)NC(=O)C(C(C)C)N4CCCNC4=O)O,Cc1cccc(C)c1OCC(=O)NC(Cc1ccccc1)C(O)CC(Cc1ccccc1)NC(=O)C(C(C)C)N1CCCNC1=O,substrate,OATP1B1_substrate,True,True
Lopinavir,CC1=C(C(=CC=C1)C)OCC(=O)NC(CC2=CC=CC=C2)C(CC(CC3=CC=CC=C3)NC(=O)C(C(C)C)N4CCCNC4=O)O,Cc1cccc(C)c1OCC(=O)NC(Cc1ccccc1)C(O)CC(Cc1ccccc1)NC(=O)C(C(C)C)N1CCCNC1=O,substrate,OATP1B3_substrate,False,True
Lopinavir,CC1=C(C(=CC=C1)C)OCC(=O)NC(CC2=CC=CC=C2)C(CC(CC3=CC=CC=C3)NC(=O)C(C(C)C)N4CCCNC4=O)O,Cc1cccc(C)c1OCC(=O)NC(Cc1ccccc1)C(O)CC(Cc1ccccc1)NC(=O)C(C(C)C)N1CCCNC1=O,substrate,OCT2_substrate,False,True
Lopinavir,CC1=C(C(=CC=C1)C)OCC(=O)NC(CC2=CC=CC=C2)C(CC(CC3=CC=CC=C3)NC(=O)C(C(C)C)N4CCCNC4=O)O,Cc1cccc(C)c1OCC(=O)NC(Cc1ccccc1)C(O)CC(Cc1ccccc1)NC(=O)C(C(C)C)N1CCCNC1=O,substrate,MRP2_substrate,True,True
Probenecid,CCCN(CCC)S(=O)(=O)C1=CC=C(C=C1)C(=O)O,CCCN(CCC)S(=O)(=O)c1ccc(C(=O)O)cc1,inhibitor,BCRP_inhibitor,False,True
Probenecid,CCCN(CCC)S(=O)(=O)C1=CC=C(C=C1)C(=O)O,CCCN(CCC)S(=O)(=O)c1ccc(C(=O)O)cc1,inhibitor,BSEP_inhibitor,False,True
Probenecid,CCCN(CCC)S(=O)(=O)C1=CC=C(C=C1)C(=O)O,CCCN(CCC)S(=O)(=O)c1ccc(C(=O)O)cc1,inhibitor,MRP1_inhibitor,True,True
Probenecid,CCCN(CCC)S(=O)(=O)C1=CC=C(C=C1)C(=O)O,CCCN(CCC)S(=O)(=O)c1ccc(C(=O)O)cc1,inhibitor,OATP1B1_inhibitor,False,True
Probenecid,CCCN(CCC)S(=O)(=O)C1=CC=C(C=C1)C(=O)O,CCCN(CCC)S(=O)(=O)c1ccc(C(=O)O)cc1,inhibitor,OATP1B3_inhibitor,False,True
Probenecid,CCCN(CCC)S(=O)(=O)C1=CC=C(C=C1)C(=O)O,CCCN(CCC)S(=O)(=O)c1ccc(C(=O)O)cc1,inhibitor,PGP_inhibitor,False,True
Probenecid,CCCN(CCC)S(=O)(=O)C1=CC=C(C=C1)C(=O)O,CCCN(CCC)S(=O)(=O)c1ccc(C(=O)O)cc1,inhibitor,MATE1_inhibitor,False,False
Probenecid,CCCN(CCC)S(=O)(=O)C1=CC=C(C=C1)C(=O)O,CCCN(CCC)S(=O)(=O)c1ccc(C(=O)O)cc1,inhibitor,MATE2_inhibitor,False,False
Probenecid,CCCN(CCC)S(=O)(=O)C1=CC=C(C=C1)C(=O)O,CCCN(CCC)S(=O)(=O)c1ccc(C(=O)O)cc1,inhibitor,OAT1_inhibitor,True,True
Probenecid,CCCN(CCC)S(=O)(=O)C1=CC=C(C=C1)C(=O)O,CCCN(CCC)S(=O)(=O)c1ccc(C(=O)O)cc1,inhibitor,OAT3_inhibitor,True,True
Probenecid,CCCN(CCC)S(=O)(=O)C1=CC=C(C=C1)C(=O)O,CCCN(CCC)S(=O)(=O)c1ccc(C(=O)O)cc1,inhibitor,OCT2_inhibitor,False,True
Probenecid,CCCN(CCC)S(=O)(=O)C1=CC=C(C=C1)C(=O)O,CCCN(CCC)S(=O)(=O)c1ccc(C(=O)O)cc1,inhibitor,MRP2_inhibitor,True,True
Probenecid,CCCN(CCC)S(=O)(=O)C1=CC=C(C=C1)C(=O)O,CCCN(CCC)S(=O)(=O)c1ccc(C(=O)O)cc1,substrate,BCRP_substrate,True,True
Probenecid,CCCN(CCC)S(=O)(=O)C1=CC=C(C=C1)C(=O)O,CCCN(CCC)S(=O)(=O)c1ccc(C(=O)O)cc1,substrate,MRP1_substrate,False,True
Probenecid,CCCN(CCC)S(=O)(=O)C1=CC=C(C=C1)C(=O)O,CCCN(CCC)S(=O)(=O)c1ccc(C(=O)O)cc1,substrate,PGP_substrate,False,True
Probenecid,CCCN(CCC)S(=O)(=O)C1=CC=C(C=C1)C(=O)O,CCCN(CCC)S(=O)(=O)c1ccc(C(=O)O)cc1,substrate,BSEP_substrate,False,True
Probenecid,CCCN(CCC)S(=O)(=O)C1=CC=C(C=C1)C(=O)O,CCCN(CCC)S(=O)(=O)c1ccc(C(=O)O)cc1,substrate,MATE1_substrate,False,True
Probenecid,CCCN(CCC)S(=O)(=O)C1=CC=C(C=C1)C(=O)O,CCCN(CCC)S(=O)(=O)c1ccc(C(=O)O)cc1,substrate,MATE2_substrate,False,True
Probenecid,CCCN(CCC)S(=O)(=O)C1=CC=C(C=C1)C(=O)O,CCCN(CCC)S(=O)(=O)c1ccc(C(=O)O)cc1,substrate,OAT1_substrate,False,True
Probenecid,CCCN(CCC)S(=O)(=O)C1=CC=C(C=C1)C(=O)O,CCCN(CCC)S(=O)(=O)c1ccc(C(=O)O)cc1,substrate,OAT3_substrate,False,True
Probenecid,CCCN(CCC)S(=O)(=O)C1=CC=C(C=C1)C(=O)O,CCCN(CCC)S(=O)(=O)c1ccc(C(=O)O)cc1,substrate,OATP1B1_substrate,False,True
Probenecid,CCCN(CCC)S(=O)(=O)C1=CC=C(C=C1)C(=O)O,CCCN(CCC)S(=O)(=O)c1ccc(C(=O)O)cc1,substrate,OATP1B3_substrate,False,False
Probenecid,CCCN(CCC)S(=O)(=O)C1=CC=C(C=C1)C(=O)O,CCCN(CCC)S(=O)(=O)c1ccc(C(=O)O)cc1,substrate,OCT2_substrate,False,False
Probenecid,CCCN(CCC)S(=O)(=O)C1=CC=C(C=C1)C(=O)O,CCCN(CCC)S(=O)(=O)c1ccc(C(=O)O)cc1,substrate,MRP2_substrate,True,True
Saquinavir,CC(C)(C)NC(=O)C1CC2CCCCC2CN1CC(C(CC3=CC=CC=C3)NC(=O)C(CC(=O)N)NC(=O)C4=NC5=CC=CC=C5C=C4)O,CC(C)(C)NC(=O)C1CC2CCCCC2CN1CC(O)C(Cc1ccccc1)NC(=O)C(CC(N)=O)NC(=O)c1ccc2ccccc2n1,inhibitor,BCRP_inhibitor,False,True
Saquinavir,CC(C)(C)NC(=O)C1CC2CCCCC2CN1CC(C(CC3=CC=CC=C3)NC(=O)C(CC(=O)N)NC(=O)C4=NC5=CC=CC=C5C=C4)O,CC(C)(C)NC(=O)C1CC2CCCCC2CN1CC(O)C(Cc1ccccc1)NC(=O)C(CC(N)=O)NC(=O)c1ccc2ccccc2n1,inhibitor,BSEP_inhibitor,False,True
Saquinavir,CC(C)(C)NC(=O)C1CC2CCCCC2CN1CC(C(CC3=CC=CC=C3)NC(=O)C(CC(=O)N)NC(=O)C4=NC5=CC=CC=C5C=C4)O,CC(C)(C)NC(=O)C1CC2CCCCC2CN1CC(O)C(Cc1ccccc1)NC(=O)C(CC(N)=O)NC(=O)c1ccc2ccccc2n1,inhibitor,MRP1_inhibitor,True,True
Saquinavir,CC(C)(C)NC(=O)C1CC2CCCCC2CN1CC(C(CC3=CC=CC=C3)NC(=O)C(CC(=O)N)NC(=O)C4=NC5=CC=CC=C5C=C4)O,CC(C)(C)NC(=O)C1CC2CCCCC2CN1CC(O)C(Cc1ccccc1)NC(=O)C(CC(N)=O)NC(=O)c1ccc2ccccc2n1,inhibitor,OATP1B1_inhibitor,False,True
Saquinavir,CC(C)(C)NC(=O)C1CC2CCCCC2CN1CC(C(CC3=CC=CC=C3)NC(=O)C(CC(=O)N)NC(=O)C4=NC5=CC=CC=C5C=C4)O,CC(C)(C)NC(=O)C1CC2CCCCC2CN1CC(O)C(Cc1ccccc1)NC(=O)C(CC(N)=O)NC(=O)c1ccc2ccccc2n1,inhibitor,OATP1B3_inhibitor,False,True
Saquinavir,CC(C)(C)NC(=O)C1CC2CCCCC2CN1CC(C(CC3=CC=CC=C3)NC(=O)C(CC(=O)N)NC(=O)C4=NC5=CC=CC=C5C=C4)O,CC(C)(C)NC(=O)C1CC2CCCCC2CN1CC(O)C(Cc1ccccc1)NC(=O)C(CC(N)=O)NC(=O)c1ccc2ccccc2n1,inhibitor,PGP_inhibitor,True,True
Saquinavir,CC(C)(C)NC(=O)C1CC2CCCCC2CN1CC(C(CC3=CC=CC=C3)NC(=O)C(CC(=O)N)NC(=O)C4=NC5=CC=CC=C5C=C4)O,CC(C)(C)NC(=O)C1CC2CCCCC2CN1CC(O)C(Cc1ccccc1)NC(=O)C(CC(N)=O)NC(=O)c1ccc2ccccc2n1,inhibitor,MATE1_inhibitor,False,True
Saquinavir,CC(C)(C)NC(=O)C1CC2CCCCC2CN1CC(C(CC3=CC=CC=C3)NC(=O)C(CC(=O)N)NC(=O)C4=NC5=CC=CC=C5C=C4)O,CC(C)(C)NC(=O)C1CC2CCCCC2CN1CC(O)C(Cc1ccccc1)NC(=O)C(CC(N)=O)NC(=O)c1ccc2ccccc2n1,inhibitor,MATE2_inhibitor,False,True
Saquinavir,CC(C)(C)NC(=O)C1CC2CCCCC2CN1CC(C(CC3=CC=CC=C3)NC(=O)C(CC(=O)N)NC(=O)C4=NC5=CC=CC=C5C=C4)O,CC(C)(C)NC(=O)C1CC2CCCCC2CN1CC(O)C(Cc1ccccc1)NC(=O)C(CC(N)=O)NC(=O)c1ccc2ccccc2n1,inhibitor,OAT1_inhibitor,False,False
Saquinavir,CC(C)(C)NC(=O)C1CC2CCCCC2CN1CC(C(CC3=CC=CC=C3)NC(=O)C(CC(=O)N)NC(=O)C4=NC5=CC=CC=C5C=C4)O,CC(C)(C)NC(=O)C1CC2CCCCC2CN1CC(O)C(Cc1ccccc1)NC(=O)C(CC(N)=O)NC(=O)c1ccc2ccccc2n1,inhibitor,OAT3_inhibitor,False,False
Saquinavir,CC(C)(C)NC(=O)C1CC2CCCCC2CN1CC(C(CC3=CC=CC=C3)NC(=O)C(CC(=O)N)NC(=O)C4=NC5=CC=CC=C5C=C4)O,CC(C)(C)NC(=O)C1CC2CCCCC2CN1CC(O)C(Cc1ccccc1)NC(=O)C(CC(N)=O)NC(=O)c1ccc2ccccc2n1,inhibitor,OCT2_inhibitor,False,True
Saquinavir,CC(C)(C)NC(=O)C1CC2CCCCC2CN1CC(C(CC3=CC=CC=C3)NC(=O)C(CC(=O)N)NC(=O)C4=NC5=CC=CC=C5C=C4)O,CC(C)(C)NC(=O)C1CC2CCCCC2CN1CC(O)C(Cc1ccccc1)NC(=O)C(CC(N)=O)NC(=O)c1ccc2ccccc2n1,inhibitor,MRP2_inhibitor,True,True
Saquinavir,CC(C)(C)NC(=O)C1CC2CCCCC2CN1CC(C(CC3=CC=CC=C3)NC(=O)C(CC(=O)N)NC(=O)C4=NC5=CC=CC=C5C=C4)O,CC(C)(C)NC(=O)C1CC2CCCCC2CN1CC(O)C(Cc1ccccc1)NC(=O)C(CC(N)=O)NC(=O)c1ccc2ccccc2n1,substrate,BCRP_substrate,False,True
Saquinavir,CC(C)(C)NC(=O)C1CC2CCCCC2CN1CC(C(CC3=CC=CC=C3)NC(=O)C(CC(=O)N)NC(=O)C4=NC5=CC=CC=C5C=C4)O,CC(C)(C)NC(=O)C1CC2CCCCC2CN1CC(O)C(Cc1ccccc1)NC(=O)C(CC(N)=O)NC(=O)c1ccc2ccccc2n1,substrate,MRP1_substrate,False,True
Saquinavir,CC(C)(C)NC(=O)C1CC2CCCCC2CN1CC(C(CC3=CC=CC=C3)NC(=O)C(CC(=O)N)NC(=O)C4=NC5=CC=CC=C5C=C4)O,CC(C)(C)NC(=O)C1CC2CCCCC2CN1CC(O)C(Cc1ccccc1)NC(=O)C(CC(N)=O)NC(=O)c1ccc2ccccc2n1,substrate,PGP_substrate,True,True
Saquinavir,CC(C)(C)NC(=O)C1CC2CCCCC2CN1CC(C(CC3=CC=CC=C3)NC(=O)C(CC(=O)N)NC(=O)C4=NC5=CC=CC=C5C=C4)O,CC(C)(C)NC(=O)C1CC2CCCCC2CN1CC(O)C(Cc1ccccc1)NC(=O)C(CC(N)=O)NC(=O)c1ccc2ccccc2n1,substrate,BSEP_substrate,True,True
Saquinavir,CC(C)(C)NC(=O)C1CC2CCCCC2CN1CC(C(CC3=CC=CC=C3)NC(=O)C(CC(=O)N)NC(=O)C4=NC5=CC=CC=C5C=C4)O,CC(C)(C)NC(=O)C1CC2CCCCC2CN1CC(O)C(Cc1ccccc1)NC(=O)C(CC(N)=O)NC(=O)c1ccc2ccccc2n1,substrate,MATE1_substrate,False,True
Saquinavir,CC(C)(C)NC(=O)C1CC2CCCCC2CN1CC(C(CC3=CC=CC=C3)NC(=O)C(CC(=O)N)NC(=O)C4=NC5=CC=CC=C5C=C4)O,CC(C)(C)NC(=O)C1CC2CCCCC2CN1CC(O)C(Cc1ccccc1)NC(=O)C(CC(N)=O)NC(=O)c1ccc2ccccc2n1,substrate,MATE2_substrate,False,False
Saquinavir,CC(C)(C)NC(=O)C1CC2CCCCC2CN1CC(C(CC3=CC=CC=C3)NC(=O)C(CC(=O)N)NC(=O)C4=NC5=CC=CC=C5C=C4)O,CC(C)(C)NC(=O)C1CC2CCCCC2CN1CC(O)C(Cc1ccccc1)NC(=O)C(CC(N)=O)NC(=O)c1ccc2ccccc2n1,substrate,OAT1_substrate,False,False
Saquinavir,CC(C)(C)NC(=O)C1CC2CCCCC2CN1CC(C(CC3=CC=CC=C3)NC(=O)C(CC(=O)N)NC(=O)C4=NC5=CC=CC=C5C=C4)O,CC(C)(C)NC(=O)C1CC2CCCCC2CN1CC(O)C(Cc1ccccc1)NC(=O)C(CC(N)=O)NC(=O)c1ccc2ccccc2n1,substrate,OAT3_substrate,False,False
Saquinavir,CC(C)(C)NC(=O)C1CC2CCCCC2CN1CC(C(CC3=CC=CC=C3)NC(=O)C(CC(=O)N)NC(=O)C4=NC5=CC=CC=C5C=C4)O,CC(C)(C)NC(=O)C1CC2CCCCC2CN1CC(O)C(Cc1ccccc1)NC(=O)C(CC(N)=O)NC(=O)c1ccc2ccccc2n1,substrate,OATP1B1_substrate,True,True
Saquinavir,CC(C)(C)NC(=O)C1CC2CCCCC2CN1CC(C(CC3=CC=CC=C3)NC(=O)C(CC(=O)N)NC(=O)C4=NC5=CC=CC=C5C=C4)O,CC(C)(C)NC(=O)C1CC2CCCCC2CN1CC(O)C(Cc1ccccc1)NC(=O)C(CC(N)=O)NC(=O)c1ccc2ccccc2n1,substrate,OATP1B3_substrate,False,True
Saquinavir,CC(C)(C)NC(=O)C1CC2CCCCC2CN1CC(C(CC3=CC=CC=C3)NC(=O)C(CC(=O)N)NC(=O)C4=NC5=CC=CC=C5C=C4)O,CC(C)(C)NC(=O)C1CC2CCCCC2CN1CC(O)C(Cc1ccccc1)NC(=O)C(CC(N)=O)NC(=O)c1ccc2ccccc2n1,substrate,OCT2_substrate,False,True
Saquinavir,CC(C)(C)NC(=O)C1CC2CCCCC2CN1CC(C(CC3=CC=CC=C3)NC(=O)C(CC(=O)N)NC(=O)C4=NC5=CC=CC=C5C=C4)O,CC(C)(C)NC(=O)C1CC2CCCCC2CN1CC(O)C(Cc1ccccc1)NC(=O)C(CC(N)=O)NC(=O)c1ccc2ccccc2n1,substrate,MRP2_substrate,True,True
Bromosulphophthalein,[O-]S(=O)(=O)c1c(O)ccc(c1)C3(OC(=O)c2c(Br)c(Br)c(Br)c(Br)c23)c4ccc(O)c(c4)S([O-])(=O)=O,O=C1OC(c2ccc(O)c(S(=O)(=O)O)c2)(c2ccc(O)c(S(=O)(=O)O)c2)c2c(Br)c(Br)c(Br)c(Br)c21,inhibitor,BCRP_inhibitor,True,True
Bromosulphophthalein,[O-]S(=O)(=O)c1c(O)ccc(c1)C3(OC(=O)c2c(Br)c(Br)c(Br)c(Br)c23)c4ccc(O)c(c4)S([O-])(=O)=O,O=C1OC(c2ccc(O)c(S(=O)(=O)O)c2)(c2ccc(O)c(S(=O)(=O)O)c2)c2c(Br)c(Br)c(Br)c(Br)c21,inhibitor,BSEP_inhibitor,False,True
Bromosulphophthalein,[O-]S(=O)(=O)c1c(O)ccc(c1)C3(OC(=O)c2c(Br)c(Br)c(Br)c(Br)c23)c4ccc(O)c(c4)S([O-])(=O)=O,O=C1OC(c2ccc(O)c(S(=O)(=O)O)c2)(c2ccc(O)c(S(=O)(=O)O)c2)c2c(Br)c(Br)c(Br)c(Br)c21,inhibitor,MRP1_inhibitor,True,False
Bromosulphophthalein,[O-]S(=O)(=O)c1c(O)ccc(c1)C3(OC(=O)c2c(Br)c(Br)c(Br)c(Br)c23)c4ccc(O)c(c4)S([O-])(=O)=O,O=C1OC(c2ccc(O)c(S(=O)(=O)O)c2)(c2ccc(O)c(S(=O)(=O)O)c2)c2c(Br)c(Br)c(Br)c(Br)c21,inhibitor,OATP1B1_inhibitor,True,True
Bromosulphophthalein,[O-]S(=O)(=O)c1c(O)ccc(c1)C3(OC(=O)c2c(Br)c(Br)c(Br)c(Br)c23)c4ccc(O)c(c4)S([O-])(=O)=O,O=C1OC(c2ccc(O)c(S(=O)(=O)O)c2)(c2ccc(O)c(S(=O)(=O)O)c2)c2c(Br)c(Br)c(Br)c(Br)c21,inhibitor,OATP1B3_inhibitor,True,True
Bromosulphophthalein,[O-]S(=O)(=O)c1c(O)ccc(c1)C3(OC(=O)c2c(Br)c(Br)c(Br)c(Br)c23)c4ccc(O)c(c4)S([O-])(=O)=O,O=C1OC(c2ccc(O)c(S(=O)(=O)O)c2)(c2ccc(O)c(S(=O)(=O)O)c2)c2c(Br)c(Br)c(Br)c(Br)c21,inhibitor,PGP_inhibitor,False,True
Bromosulphophthalein,[O-]S(=O)(=O)c1c(O)ccc(c1)C3(OC(=O)c2c(Br)c(Br)c(Br)c(Br)c23)c4ccc(O)c(c4)S([O-])(=O)=O,O=C1OC(c2ccc(O)c(S(=O)(=O)O)c2)(c2ccc(O)c(S(=O)(=O)O)c2)c2c(Br)c(Br)c(Br)c(Br)c21,inhibitor,MATE1_inhibitor,False,False
Bromosulphophthalein,[O-]S(=O)(=O)c1c(O)ccc(c1)C3(OC(=O)c2c(Br)c(Br)c(Br)c(Br)c23)c4ccc(O)c(c4)S([O-])(=O)=O,O=C1OC(c2ccc(O)c(S(=O)(=O)O)c2)(c2ccc(O)c(S(=O)(=O)O)c2)c2c(Br)c(Br)c(Br)c(Br)c21,inhibitor,MATE2_inhibitor,False,False
Bromosulphophthalein,[O-]S(=O)(=O)c1c(O)ccc(c1)C3(OC(=O)c2c(Br)c(Br)c(Br)c(Br)c23)c4ccc(O)c(c4)S([O-])(=O)=O,O=C1OC(c2ccc(O)c(S(=O)(=O)O)c2)(c2ccc(O)c(S(=O)(=O)O)c2)c2c(Br)c(Br)c(Br)c(Br)c21,inhibitor,OAT1_inhibitor,False,False
Bromosulphophthalein,[O-]S(=O)(=O)c1c(O)ccc(c1)C3(OC(=O)c2c(Br)c(Br)c(Br)c(Br)c23)c4ccc(O)c(c4)S([O-])(=O)=O,O=C1OC(c2ccc(O)c(S(=O)(=O)O)c2)(c2ccc(O)c(S(=O)(=O)O)c2)c2c(Br)c(Br)c(Br)c(Br)c21,inhibitor,OAT3_inhibitor,False,False
Bromosulphophthalein,[O-]S(=O)(=O)c1c(O)ccc(c1)C3(OC(=O)c2c(Br)c(Br)c(Br)c(Br)c23)c4ccc(O)c(c4)S([O-])(=O)=O,O=C1OC(c2ccc(O)c(S(=O)(=O)O)c2)(c2ccc(O)c(S(=O)(=O)O)c2)c2c(Br)c(Br)c(Br)c(Br)c21,inhibitor,OCT2_inhibitor,False,False
Bromosulphophthalein,[O-]S(=O)(=O)c1c(O)ccc(c1)C3(OC(=O)c2c(Br)c(Br)c(Br)c(Br)c23)c4ccc(O)c(c4)S([O-])(=O)=O,O=C1OC(c2ccc(O)c(S(=O)(=O)O)c2)(c2ccc(O)c(S(=O)(=O)O)c2)c2c(Br)c(Br)c(Br)c(Br)c21,inhibitor,MRP2_inhibitor,True,True
Bromosulphophthalein,[O-]S(=O)(=O)c1c(O)ccc(c1)C3(OC(=O)c2c(Br)c(Br)c(Br)c(Br)c23)c4ccc(O)c(c4)S([O-])(=O)=O,O=C1OC(c2ccc(O)c(S(=O)(=O)O)c2)(c2ccc(O)c(S(=O)(=O)O)c2)c2c(Br)c(Br)c(Br)c(Br)c21,substrate,BCRP_substrate,True,True
Bromosulphophthalein,[O-]S(=O)(=O)c1c(O)ccc(c1)C3(OC(=O)c2c(Br)c(Br)c(Br)c(Br)c23)c4ccc(O)c(c4)S([O-])(=O)=O,O=C1OC(c2ccc(O)c(S(=O)(=O)O)c2)(c2ccc(O)c(S(=O)(=O)O)c2)c2c(Br)c(Br)c(Br)c(Br)c21,substrate,MRP1_substrate,True,True
Bromosulphophthalein,[O-]S(=O)(=O)c1c(O)ccc(c1)C3(OC(=O)c2c(Br)c(Br)c(Br)c(Br)c23)c4ccc(O)c(c4)S([O-])(=O)=O,O=C1OC(c2ccc(O)c(S(=O)(=O)O)c2)(c2ccc(O)c(S(=O)(=O)O)c2)c2c(Br)c(Br)c(Br)c(Br)c21,substrate,PGP_substrate,False,True
Bromosulphophthalein,[O-]S(=O)(=O)c1c(O)ccc(c1)C3(OC(=O)c2c(Br)c(Br)c(Br)c(Br)c23)c4ccc(O)c(c4)S([O-])(=O)=O,O=C1OC(c2ccc(O)c(S(=O)(=O)O)c2)(c2ccc(O)c(S(=O)(=O)O)c2)c2c(Br)c(Br)c(Br)c(Br)c21,substrate,BSEP_substrate,False,True
Bromosulphophthalein,[O-]S(=O)(=O)c1c(O)ccc(c1)C3(OC(=O)c2c(Br)c(Br)c(Br)c(Br)c23)c4ccc(O)c(c4)S([O-])(=O)=O,O=C1OC(c2ccc(O)c(S(=O)(=O)O)c2)(c2ccc(O)c(S(=O)(=O)O)c2)c2c(Br)c(Br)c(Br)c(Br)c21,substrate,MATE1_substrate,False,False
Bromosulphophthalein,[O-]S(=O)(=O)c1c(O)ccc(c1)C3(OC(=O)c2c(Br)c(Br)c(Br)c(Br)c23)c4ccc(O)c(c4)S([O-])(=O)=O,O=C1OC(c2ccc(O)c(S(=O)(=O)O)c2)(c2ccc(O)c(S(=O)(=O)O)c2)c2c(Br)c(Br)c(Br)c(Br)c21,substrate,MATE2_substrate,False,False
Bromosulphophthalein,[O-]S(=O)(=O)c1c(O)ccc(c1)C3(OC(=O)c2c(Br)c(Br)c(Br)c(Br)c23)c4ccc(O)c(c4)S([O-])(=O)=O,O=C1OC(c2ccc(O)c(S(=O)(=O)O)c2)(c2ccc(O)c(S(=O)(=O)O)c2)c2c(Br)c(Br)c(Br)c(Br)c21,substrate,OAT1_substrate,False,True
Bromosulphophthalein,[O-]S(=O)(=O)c1c(O)ccc(c1)C3(OC(=O)c2c(Br)c(Br)c(Br)c(Br)c23)c4ccc(O)c(c4)S([O-])(=O)=O,O=C1OC(c2ccc(O)c(S(=O)(=O)O)c2)(c2ccc(O)c(S(=O)(=O)O)c2)c2c(Br)c(Br)c(Br)c(Br)c21,substrate,OAT3_substrate,False,True
Bromosulphophthalein,[O-]S(=O)(=O)c1c(O)ccc(c1)C3(OC(=O)c2c(Br)c(Br)c(Br)c(Br)c23)c4ccc(O)c(c4)S([O-])(=O)=O,O=C1OC(c2ccc(O)c(S(=O)(=O)O)c2)(c2ccc(O)c(S(=O)(=O)O)c2)c2c(Br)c(Br)c(Br)c(Br)c21,substrate,OATP1B1_substrate,True,True
Bromosulphophthalein,[O-]S(=O)(=O)c1c(O)ccc(c1)C3(OC(=O)c2c(Br)c(Br)c(Br)c(Br)c23)c4ccc(O)c(c4)S([O-])(=O)=O,O=C1OC(c2ccc(O)c(S(=O)(=O)O)c2)(c2ccc(O)c(S(=O)(=O)O)c2)c2c(Br)c(Br)c(Br)c(Br)c21,substrate,OATP1B3_substrate,True,True
Bromosulphophthalein,[O-]S(=O)(=O)c1c(O)ccc(c1)C3(OC(=O)c2c(Br)c(Br)c(Br)c(Br)c23)c4ccc(O)c(c4)S([O-])(=O)=O,O=C1OC(c2ccc(O)c(S(=O)(=O)O)c2)(c2ccc(O)c(S(=O)(=O)O)c2)c2c(Br)c(Br)c(Br)c(Br)c21,substrate,OCT2_substrate,False,False
Bromosulphophthalein,[O-]S(=O)(=O)c1c(O)ccc(c1)C3(OC(=O)c2c(Br)c(Br)c(Br)c(Br)c23)c4ccc(O)c(c4)S([O-])(=O)=O,O=C1OC(c2ccc(O)c(S(=O)(=O)O)c2)(c2ccc(O)c(S(=O)(=O)O)c2)c2c(Br)c(Br)c(Br)c(Br)c21,substrate,MRP2_substrate,True,True
Methotrexate,CN(CC1=CN=C2C(=N1)C(=NC(=N2)N)N)C3=CC=C(C=C3)C(=O)NC(CCC(=O)O)C(=O)O,CN(Cc1cnc2nc(N)nc(N)c2n1)c1ccc(C(=O)NC(CCC(=O)O)C(=O)O)cc1,inhibitor,BCRP_inhibitor,False,True
Methotrexate,CN(CC1=CN=C2C(=N1)C(=NC(=N2)N)N)C3=CC=C(C=C3)C(=O)NC(CCC(=O)O)C(=O)O,CN(Cc1cnc2nc(N)nc(N)c2n1)c1ccc(C(=O)NC(CCC(=O)O)C(=O)O)cc1,inhibitor,BSEP_inhibitor,False,True
Methotrexate,CN(CC1=CN=C2C(=N1)C(=NC(=N2)N)N)C3=CC=C(C=C3)C(=O)NC(CCC(=O)O)C(=O)O,CN(Cc1cnc2nc(N)nc(N)c2n1)c1ccc(C(=O)NC(CCC(=O)O)C(=O)O)cc1,inhibitor,MRP1_inhibitor,True,False
Methotrexate,CN(CC1=CN=C2C(=N1)C(=NC(=N2)N)N)C3=CC=C(C=C3)C(=O)NC(CCC(=O)O)C(=O)O,CN(Cc1cnc2nc(N)nc(N)c2n1)c1ccc(C(=O)NC(CCC(=O)O)C(=O)O)cc1,inhibitor,OATP1B1_inhibitor,False,True
Methotrexate,CN(CC1=CN=C2C(=N1)C(=NC(=N2)N)N)C3=CC=C(C=C3)C(=O)NC(CCC(=O)O)C(=O)O,CN(Cc1cnc2nc(N)nc(N)c2n1)c1ccc(C(=O)NC(CCC(=O)O)C(=O)O)cc1,inhibitor,OATP1B3_inhibitor,False,True
Methotrexate,CN(CC1=CN=C2C(=N1)C(=NC(=N2)N)N)C3=CC=C(C=C3)C(=O)NC(CCC(=O)O)C(=O)O,CN(Cc1cnc2nc(N)nc(N)c2n1)c1ccc(C(=O)NC(CCC(=O)O)C(=O)O)cc1,inhibitor,PGP_inhibitor,False,True
Methotrexate,CN(CC1=CN=C2C(=N1)C(=NC(=N2)N)N)C3=CC=C(C=C3)C(=O)NC(CCC(=O)O)C(=O)O,CN(Cc1cnc2nc(N)nc(N)c2n1)c1ccc(C(=O)NC(CCC(=O)O)C(=O)O)cc1,inhibitor,MATE1_inhibitor,False,True
Methotrexate,CN(CC1=CN=C2C(=N1)C(=NC(=N2)N)N)C3=CC=C(C=C3)C(=O)NC(CCC(=O)O)C(=O)O,CN(Cc1cnc2nc(N)nc(N)c2n1)c1ccc(C(=O)NC(CCC(=O)O)C(=O)O)cc1,inhibitor,MATE2_inhibitor,False,False
Methotrexate,CN(CC1=CN=C2C(=N1)C(=NC(=N2)N)N)C3=CC=C(C=C3)C(=O)NC(CCC(=O)O)C(=O)O,CN(Cc1cnc2nc(N)nc(N)c2n1)c1ccc(C(=O)NC(CCC(=O)O)C(=O)O)cc1,inhibitor,OAT1_inhibitor,False,True
Methotrexate,CN(CC1=CN=C2C(=N1)C(=NC(=N2)N)N)C3=CC=C(C=C3)C(=O)NC(CCC(=O)O)C(=O)O,CN(Cc1cnc2nc(N)nc(N)c2n1)c1ccc(C(=O)NC(CCC(=O)O)C(=O)O)cc1,inhibitor,OAT3_inhibitor,False,True
Methotrexate,CN(CC1=CN=C2C(=N1)C(=NC(=N2)N)N)C3=CC=C(C=C3)C(=O)NC(CCC(=O)O)C(=O)O,CN(Cc1cnc2nc(N)nc(N)c2n1)c1ccc(C(=O)NC(CCC(=O)O)C(=O)O)cc1,inhibitor,OCT2_inhibitor,False,True
Methotrexate,CN(CC1=CN=C2C(=N1)C(=NC(=N2)N)N)C3=CC=C(C=C3)C(=O)NC(CCC(=O)O)C(=O)O,CN(Cc1cnc2nc(N)nc(N)c2n1)c1ccc(C(=O)NC(CCC(=O)O)C(=O)O)cc1,inhibitor,MRP2_inhibitor,True,True
Methotrexate,CN(CC1=CN=C2C(=N1)C(=NC(=N2)N)N)C3=CC=C(C=C3)C(=O)NC(CCC(=O)O)C(=O)O,CN(Cc1cnc2nc(N)nc(N)c2n1)c1ccc(C(=O)NC(CCC(=O)O)C(=O)O)cc1,substrate,BCRP_substrate,True,True
Methotrexate,CN(CC1=CN=C2C(=N1)C(=NC(=N2)N)N)C3=CC=C(C=C3)C(=O)NC(CCC(=O)O)C(=O)O,CN(Cc1cnc2nc(N)nc(N)c2n1)c1ccc(C(=O)NC(CCC(=O)O)C(=O)O)cc1,substrate,MRP1_substrate,False,True
Methotrexate,CN(CC1=CN=C2C(=N1)C(=NC(=N2)N)N)C3=CC=C(C=C3)C(=O)NC(CCC(=O)O)C(=O)O,CN(Cc1cnc2nc(N)nc(N)c2n1)c1ccc(C(=O)NC(CCC(=O)O)C(=O)O)cc1,substrate,PGP_substrate,False,True
Methotrexate,CN(CC1=CN=C2C(=N1)C(=NC(=N2)N)N)C3=CC=C(C=C3)C(=O)NC(CCC(=O)O)C(=O)O,CN(Cc1cnc2nc(N)nc(N)c2n1)c1ccc(C(=O)NC(CCC(=O)O)C(=O)O)cc1,substrate,BSEP_substrate,False,False
Methotrexate,CN(CC1=CN=C2C(=N1)C(=NC(=N2)N)N)C3=CC=C(C=C3)C(=O)NC(CCC(=O)O)C(=O)O,CN(Cc1cnc2nc(N)nc(N)c2n1)c1ccc(C(=O)NC(CCC(=O)O)C(=O)O)cc1,substrate,MATE1_substrate,False,True
Methotrexate,CN(CC1=CN=C2C(=N1)C(=NC(=N2)N)N)C3=CC=C(C=C3)C(=O)NC(CCC(=O)O)C(=O)O,CN(Cc1cnc2nc(N)nc(N)c2n1)c1ccc(C(=O)NC(CCC(=O)O)C(=O)O)cc1,substrate,MATE2_substrate,False,True
Methotrexate,CN(CC1=CN=C2C(=N1)C(=NC(=N2)N)N)C3=CC=C(C=C3)C(=O)NC(CCC(=O)O)C(=O)O,CN(Cc1cnc2nc(N)nc(N)c2n1)c1ccc(C(=O)NC(CCC(=O)O)C(=O)O)cc1,substrate,OAT1_substrate,False,True
Methotrexate,CN(CC1=CN=C2C(=N1)C(=NC(=N2)N)N)C3=CC=C(C=C3)C(=O)NC(CCC(=O)O)C(=O)O,CN(Cc1cnc2nc(N)nc(N)c2n1)c1ccc(C(=O)NC(CCC(=O)O)C(=O)O)cc1,substrate,OAT3_substrate,True,True
Methotrexate,CN(CC1=CN=C2C(=N1)C(=NC(=N2)N)N)C3=CC=C(C=C3)C(=O)NC(CCC(=O)O)C(=O)O,CN(Cc1cnc2nc(N)nc(N)c2n1)c1ccc(C(=O)NC(CCC(=O)O)C(=O)O)cc1,substrate,OATP1B1_substrate,True,True
Methotrexate,CN(CC1=CN=C2C(=N1)C(=NC(=N2)N)N)C3=CC=C(C=C3)C(=O)NC(CCC(=O)O)C(=O)O,CN(Cc1cnc2nc(N)nc(N)c2n1)c1ccc(C(=O)NC(CCC(=O)O)C(=O)O)cc1,substrate,OATP1B3_substrate,True,True
Methotrexate,CN(CC1=CN=C2C(=N1)C(=NC(=N2)N)N)C3=CC=C(C=C3)C(=O)NC(CCC(=O)O)C(=O)O,CN(Cc1cnc2nc(N)nc(N)c2n1)c1ccc(C(=O)NC(CCC(=O)O)C(=O)O)cc1,substrate,OCT2_substrate,False,False
Methotrexate,CN(CC1=CN=C2C(=N1)C(=NC(=N2)N)N)C3=CC=C(C=C3)C(=O)NC(CCC(=O)O)C(=O)O,CN(Cc1cnc2nc(N)nc(N)c2n1)c1ccc(C(=O)NC(CCC(=O)O)C(=O)O)cc1,substrate,MRP2_substrate,True,True
Furosemide,C1=COC(=C1)CNC2=CC(=C(C=C2C(=O)O)S(=O)(=O)N)Cl,NS(=O)(=O)c1cc(C(=O)O)c(NCc2ccco2)cc1Cl,inhibitor,BCRP_inhibitor,False,True
Furosemide,C1=COC(=C1)CNC2=CC(=C(C=C2C(=O)O)S(=O)(=O)N)Cl,NS(=O)(=O)c1cc(C(=O)O)c(NCc2ccco2)cc1Cl,inhibitor,BSEP_inhibitor,False,True
Furosemide,C1=COC(=C1)CNC2=CC(=C(C=C2C(=O)O)S(=O)(=O)N)Cl,NS(=O)(=O)c1cc(C(=O)O)c(NCc2ccco2)cc1Cl,inhibitor,MRP1_inhibitor,True,True
Furosemide,C1=COC(=C1)CNC2=CC(=C(C=C2C(=O)O)S(=O)(=O)N)Cl,NS(=O)(=O)c1cc(C(=O)O)c(NCc2ccco2)cc1Cl,inhibitor,OATP1B1_inhibitor,False,True
Furosemide,C1=COC(=C1)CNC2=CC(=C(C=C2C(=O)O)S(=O)(=O)N)Cl,NS(=O)(=O)c1cc(C(=O)O)c(NCc2ccco2)cc1Cl,inhibitor,OATP1B3_inhibitor,False,True
Furosemide,C1=COC(=C1)CNC2=CC(=C(C=C2C(=O)O)S(=O)(=O)N)Cl,NS(=O)(=O)c1cc(C(=O)O)c(NCc2ccco2)cc1Cl,inhibitor,PGP_inhibitor,False,True
Furosemide,C1=COC(=C1)CNC2=CC(=C(C=C2C(=O)O)S(=O)(=O)N)Cl,NS(=O)(=O)c1cc(C(=O)O)c(NCc2ccco2)cc1Cl,inhibitor,MATE1_inhibitor,False,False
Furosemide,C1=COC(=C1)CNC2=CC(=C(C=C2C(=O)O)S(=O)(=O)N)Cl,NS(=O)(=O)c1cc(C(=O)O)c(NCc2ccco2)cc1Cl,inhibitor,MATE2_inhibitor,False,False
Furosemide,C1=COC(=C1)CNC2=CC(=C(C=C2C(=O)O)S(=O)(=O)N)Cl,NS(=O)(=O)c1cc(C(=O)O)c(NCc2ccco2)cc1Cl,inhibitor,OAT1_inhibitor,False,True
Furosemide,C1=COC(=C1)CNC2=CC(=C(C=C2C(=O)O)S(=O)(=O)N)Cl,NS(=O)(=O)c1cc(C(=O)O)c(NCc2ccco2)cc1Cl,inhibitor,OAT3_inhibitor,False,False
Furosemide,C1=COC(=C1)CNC2=CC(=C(C=C2C(=O)O)S(=O)(=O)N)Cl,NS(=O)(=O)c1cc(C(=O)O)c(NCc2ccco2)cc1Cl,inhibitor,OCT2_inhibitor,False,False
Furosemide,C1=COC(=C1)CNC2=CC(=C(C=C2C(=O)O)S(=O)(=O)N)Cl,NS(=O)(=O)c1cc(C(=O)O)c(NCc2ccco2)cc1Cl,inhibitor,MRP2_inhibitor,True,True
Furosemide,C1=COC(=C1)CNC2=CC(=C(C=C2C(=O)O)S(=O)(=O)N)Cl,NS(=O)(=O)c1cc(C(=O)O)c(NCc2ccco2)cc1Cl,substrate,BCRP_substrate,True,True
Furosemide,C1=COC(=C1)CNC2=CC(=C(C=C2C(=O)O)S(=O)(=O)N)Cl,NS(=O)(=O)c1cc(C(=O)O)c(NCc2ccco2)cc1Cl,substrate,MRP1_substrate,False,True
Furosemide,C1=COC(=C1)CNC2=CC(=C(C=C2C(=O)O)S(=O)(=O)N)Cl,NS(=O)(=O)c1cc(C(=O)O)c(NCc2ccco2)cc1Cl,substrate,PGP_substrate,False,True
Furosemide,C1=COC(=C1)CNC2=CC(=C(C=C2C(=O)O)S(=O)(=O)N)Cl,NS(=O)(=O)c1cc(C(=O)O)c(NCc2ccco2)cc1Cl,substrate,BSEP_substrate,False,True
Furosemide,C1=COC(=C1)CNC2=CC(=C(C=C2C(=O)O)S(=O)(=O)N)Cl,NS(=O)(=O)c1cc(C(=O)O)c(NCc2ccco2)cc1Cl,substrate,MATE1_substrate,False,False
Furosemide,C1=COC(=C1)CNC2=CC(=C(C=C2C(=O)O)S(=O)(=O)N)Cl,NS(=O)(=O)c1cc(C(=O)O)c(NCc2ccco2)cc1Cl,substrate,MATE2_substrate,False,False
Furosemide,C1=COC(=C1)CNC2=CC(=C(C=C2C(=O)O)S(=O)(=O)N)Cl,NS(=O)(=O)c1cc(C(=O)O)c(NCc2ccco2)cc1Cl,substrate,OAT1_substrate,False,False
Furosemide,C1=COC(=C1)CNC2=CC(=C(C=C2C(=O)O)S(=O)(=O)N)Cl,NS(=O)(=O)c1cc(C(=O)O)c(NCc2ccco2)cc1Cl,substrate,OAT3_substrate,False,True
Furosemide,C1=COC(=C1)CNC2=CC(=C(C=C2C(=O)O)S(=O)(=O)N)Cl,NS(=O)(=O)c1cc(C(=O)O)c(NCc2ccco2)cc1Cl,substrate,OATP1B1_substrate,False,False
Furosemide,C1=COC(=C1)CNC2=CC(=C(C=C2C(=O)O)S(=O)(=O)N)Cl,NS(=O)(=O)c1cc(C(=O)O)c(NCc2ccco2)cc1Cl,substrate,OATP1B3_substrate,False,True
Furosemide,C1=COC(=C1)CNC2=CC(=C(C=C2C(=O)O)S(=O)(=O)N)Cl,NS(=O)(=O)c1cc(C(=O)O)c(NCc2ccco2)cc1Cl,substrate,OCT2_substrate,False,True
Furosemide,C1=COC(=C1)CNC2=CC(=C(C=C2C(=O)O)S(=O)(=O)N)Cl,NS(=O)(=O)c1cc(C(=O)O)c(NCc2ccco2)cc1Cl,substrate,MRP2_substrate,False,True
Metformin,CN(C)C(=N)N=C(N)N,CN(C)C(=N)N=C(N)N,inhibitor,BCRP_inhibitor,False,False
Metformin,CN(C)C(=N)N=C(N)N,CN(C)C(=N)N=C(N)N,inhibitor,BSEP_inhibitor,False,True
Metformin,CN(C)C(=N)N=C(N)N,CN(C)C(=N)N=C(N)N,inhibitor,MRP1_inhibitor,True,False
Metformin,CN(C)C(=N)N=C(N)N,CN(C)C(=N)N=C(N)N,inhibitor,OATP1B1_inhibitor,False,False
Metformin,CN(C)C(=N)N=C(N)N,CN(C)C(=N)N=C(N)N,inhibitor,OATP1B3_inhibitor,False,True
Metformin,CN(C)C(=N)N=C(N)N,CN(C)C(=N)N=C(N)N,inhibitor,PGP_inhibitor,False,True
Metformin,CN(C)C(=N)N=C(N)N,CN(C)C(=N)N=C(N)N,inhibitor,MATE1_inhibitor,False,False
Metformin,CN(C)C(=N)N=C(N)N,CN(C)C(=N)N=C(N)N,inhibitor,MATE2_inhibitor,False,False
Metformin,CN(C)C(=N)N=C(N)N,CN(C)C(=N)N=C(N)N,inhibitor,OAT1_inhibitor,False,False
Metformin,CN(C)C(=N)N=C(N)N,CN(C)C(=N)N=C(N)N,inhibitor,OAT3_inhibitor,False,False
Metformin,CN(C)C(=N)N=C(N)N,CN(C)C(=N)N=C(N)N,inhibitor,OCT2_inhibitor,False,False
Metformin,CN(C)C(=N)N=C(N)N,CN(C)C(=N)N=C(N)N,inhibitor,MRP2_inhibitor,False,False
Metformin,CN(C)C(=N)N=C(N)N,CN(C)C(=N)N=C(N)N,substrate,BCRP_substrate,True,False
Metformin,CN(C)C(=N)N=C(N)N,CN(C)C(=N)N=C(N)N,substrate,MRP1_substrate,True,False
Metformin,CN(C)C(=N)N=C(N)N,CN(C)C(=N)N=C(N)N,substrate,PGP_substrate,False,True
Metformin,CN(C)C(=N)N=C(N)N,CN(C)C(=N)N=C(N)N,substrate,BSEP_substrate,False,False
Metformin,CN(C)C(=N)N=C(N)N,CN(C)C(=N)N=C(N)N,substrate,MATE1_substrate,False,True
Metformin,CN(C)C(=N)N=C(N)N,CN(C)C(=N)N=C(N)N,substrate,MATE2_substrate,False,True
Metformin,CN(C)C(=N)N=C(N)N,CN(C)C(=N)N=C(N)N,substrate,OAT1_substrate,False,False
Metformin,CN(C)C(=N)N=C(N)N,CN(C)C(=N)N=C(N)N,substrate,OAT3_substrate,False,False
Metformin,CN(C)C(=N)N=C(N)N,CN(C)C(=N)N=C(N)N,substrate,OATP1B1_substrate,False,False
Metformin,CN(C)C(=N)N=C(N)N,CN(C)C(=N)N=C(N)N,substrate,OATP1B3_substrate,False,False
Metformin,CN(C)C(=N)N=C(N)N,CN(C)C(=N)N=C(N)N,substrate,OCT2_substrate,False,True
Metformin,CN(C)C(=N)N=C(N)N,CN(C)C(=N)N=C(N)N,substrate,MRP2_substrate,False,False
Cimetidine,CC1=C(N=CN1)CSCCNC(=NC)NC#N,CN=C(NC#N)NCCSCc1nc[nH]c1C,inhibitor,BCRP_inhibitor,False,True
Cimetidine,CC1=C(N=CN1)CSCCNC(=NC)NC#N,CN=C(NC#N)NCCSCc1nc[nH]c1C,inhibitor,BSEP_inhibitor,False,True
Cimetidine,CC1=C(N=CN1)CSCCNC(=NC)NC#N,CN=C(NC#N)NCCSCc1nc[nH]c1C,inhibitor,MRP1_inhibitor,True,False
Cimetidine,CC1=C(N=CN1)CSCCNC(=NC)NC#N,CN=C(NC#N)NCCSCc1nc[nH]c1C,inhibitor,OATP1B1_inhibitor,False,True
Cimetidine,CC1=C(N=CN1)CSCCNC(=NC)NC#N,CN=C(NC#N)NCCSCc1nc[nH]c1C,inhibitor,OATP1B3_inhibitor,False,True
Cimetidine,CC1=C(N=CN1)CSCCNC(=NC)NC#N,CN=C(NC#N)NCCSCc1nc[nH]c1C,inhibitor,PGP_inhibitor,False,True
Cimetidine,CC1=C(N=CN1)CSCCNC(=NC)NC#N,CN=C(NC#N)NCCSCc1nc[nH]c1C,inhibitor,MATE1_inhibitor,True,True
Cimetidine,CC1=C(N=CN1)CSCCNC(=NC)NC#N,CN=C(NC#N)NCCSCc1nc[nH]c1C,inhibitor,MATE2_inhibitor,False,False
Cimetidine,CC1=C(N=CN1)CSCCNC(=NC)NC#N,CN=C(NC#N)NCCSCc1nc[nH]c1C,inhibitor,OAT1_inhibitor,False,False
Cimetidine,CC1=C(N=CN1)CSCCNC(=NC)NC#N,CN=C(NC#N)NCCSCc1nc[nH]c1C,inhibitor,OAT3_inhibitor,False,False
Cimetidine,CC1=C(N=CN1)CSCCNC(=NC)NC#N,CN=C(NC#N)NCCSCc1nc[nH]c1C,inhibitor,OCT2_inhibitor,True,True
Cimetidine,CC1=C(N=CN1)CSCCNC(=NC)NC#N,CN=C(NC#N)NCCSCc1nc[nH]c1C,inhibitor,MRP2_inhibitor,True,True
Cimetidine,CC1=C(N=CN1)CSCCNC(=NC)NC#N,CN=C(NC#N)NCCSCc1nc[nH]c1C,substrate,BCRP_substrate,True,True
Cimetidine,CC1=C(N=CN1)CSCCNC(=NC)NC#N,CN=C(NC#N)NCCSCc1nc[nH]c1C,substrate,MRP1_substrate,False,False
Cimetidine,CC1=C(N=CN1)CSCCNC(=NC)NC#N,CN=C(NC#N)NCCSCc1nc[nH]c1C,substrate,PGP_substrate,False,True
Cimetidine,CC1=C(N=CN1)CSCCNC(=NC)NC#N,CN=C(NC#N)NCCSCc1nc[nH]c1C,substrate,BSEP_substrate,False,False
Cimetidine,CC1=C(N=CN1)CSCCNC(=NC)NC#N,CN=C(NC#N)NCCSCc1nc[nH]c1C,substrate,MATE1_substrate,True,True
Cimetidine,CC1=C(N=CN1)CSCCNC(=NC)NC#N,CN=C(NC#N)NCCSCc1nc[nH]c1C,substrate,MATE2_substrate,True,True
Cimetidine,CC1=C(N=CN1)CSCCNC(=NC)NC#N,CN=C(NC#N)NCCSCc1nc[nH]c1C,substrate,OAT1_substrate,True,True
Cimetidine,CC1=C(N=CN1)CSCCNC(=NC)NC#N,CN=C(NC#N)NCCSCc1nc[nH]c1C,substrate,OAT3_substrate,True,True
Cimetidine,CC1=C(N=CN1)CSCCNC(=NC)NC#N,CN=C(NC#N)NCCSCc1nc[nH]c1C,substrate,OATP1B1_substrate,False,False
Cimetidine,CC1=C(N=CN1)CSCCNC(=NC)NC#N,CN=C(NC#N)NCCSCc1nc[nH]c1C,substrate,OATP1B3_substrate,False,False
Cimetidine,CC1=C(N=CN1)CSCCNC(=NC)NC#N,CN=C(NC#N)NCCSCc1nc[nH]c1C,substrate,OCT2_substrate,True,True
Cimetidine,CC1=C(N=CN1)CSCCNC(=NC)NC#N,CN=C(NC#N)NCCSCc1nc[nH]c1C,substrate,MRP2_substrate,False,True
Procainamide,CCN(CC)CCNC(=O)C1=CC=C(C=C1)N,CCN(CC)CCNC(=O)c1ccc(N)cc1,inhibitor,BCRP_inhibitor,False,True
Procainamide,CCN(CC)CCNC(=O)C1=CC=C(C=C1)N,CCN(CC)CCNC(=O)c1ccc(N)cc1,inhibitor,BSEP_inhibitor,False,True
Procainamide,CCN(CC)CCNC(=O)C1=CC=C(C=C1)N,CCN(CC)CCNC(=O)c1ccc(N)cc1,inhibitor,MRP1_inhibitor,False,True
Procainamide,CCN(CC)CCNC(=O)C1=CC=C(C=C1)N,CCN(CC)CCNC(=O)c1ccc(N)cc1,inhibitor,OATP1B1_inhibitor,False,True
Procainamide,CCN(CC)CCNC(=O)C1=CC=C(C=C1)N,CCN(CC)CCNC(=O)c1ccc(N)cc1,inhibitor,OATP1B3_inhibitor,False,True
Procainamide,CCN(CC)CCNC(=O)C1=CC=C(C=C1)N,CCN(CC)CCNC(=O)c1ccc(N)cc1,inhibitor,PGP_inhibitor,False,True
Procainamide,CCN(CC)CCNC(=O)C1=CC=C(C=C1)N,CCN(CC)CCNC(=O)c1ccc(N)cc1,inhibitor,MATE1_inhibitor,False,True
Procainamide,CCN(CC)CCNC(=O)C1=CC=C(C=C1)N,CCN(CC)CCNC(=O)c1ccc(N)cc1,inhibitor,MATE2_inhibitor,False,True
Procainamide,CCN(CC)CCNC(=O)C1=CC=C(C=C1)N,CCN(CC)CCNC(=O)c1ccc(N)cc1,inhibitor,OAT1_inhibitor,False,True
Procainamide,CCN(CC)CCNC(=O)C1=CC=C(C=C1)N,CCN(CC)CCNC(=O)c1ccc(N)cc1,inhibitor,OAT3_inhibitor,False,True
Procainamide,CCN(CC)CCNC(=O)C1=CC=C(C=C1)N,CCN(CC)CCNC(=O)c1ccc(N)cc1,inhibitor,OCT2_inhibitor,False,True
Procainamide,CCN(CC)CCNC(=O)C1=CC=C(C=C1)N,CCN(CC)CCNC(=O)c1ccc(N)cc1,inhibitor,MRP2_inhibitor,False,True
Procainamide,CCN(CC)CCNC(=O)C1=CC=C(C=C1)N,CCN(CC)CCNC(=O)c1ccc(N)cc1,substrate,BCRP_substrate,False,True
Procainamide,CCN(CC)CCNC(=O)C1=CC=C(C=C1)N,CCN(CC)CCNC(=O)c1ccc(N)cc1,substrate,MRP1_substrate,False,True
Procainamide,CCN(CC)CCNC(=O)C1=CC=C(C=C1)N,CCN(CC)CCNC(=O)c1ccc(N)cc1,substrate,PGP_substrate,True,True
Procainamide,CCN(CC)CCNC(=O)C1=CC=C(C=C1)N,CCN(CC)CCNC(=O)c1ccc(N)cc1,substrate,BSEP_substrate,False,True
Procainamide,CCN(CC)CCNC(=O)C1=CC=C(C=C1)N,CCN(CC)CCNC(=O)c1ccc(N)cc1,substrate,MATE1_substrate,True,True
Procainamide,CCN(CC)CCNC(=O)C1=CC=C(C=C1)N,CCN(CC)CCNC(=O)c1ccc(N)cc1,substrate,MATE2_substrate,True,True
Procainamide,CCN(CC)CCNC(=O)C1=CC=C(C=C1)N,CCN(CC)CCNC(=O)c1ccc(N)cc1,substrate,OAT1_substrate,False,True
Procainamide,CCN(CC)CCNC(=O)C1=CC=C(C=C1)N,CCN(CC)CCNC(=O)c1ccc(N)cc1,substrate,OAT3_substrate,False,True
Procainamide,CCN(CC)CCNC(=O)C1=CC=C(C=C1)N,CCN(CC)CCNC(=O)c1ccc(N)cc1,substrate,OATP1B1_substrate,False,True
Procainamide,CCN(CC)CCNC(=O)C1=CC=C(C=C1)N,CCN(CC)CCNC(=O)c1ccc(N)cc1,substrate,OATP1B3_substrate,False,True
Procainamide,CCN(CC)CCNC(=O)C1=CC=C(C=C1)N,CCN(CC)CCNC(=O)c1ccc(N)cc1,substrate,OCT2_substrate,False,False
Procainamide,CCN(CC)CCNC(=O)C1=CC=C(C=C1)N,CCN(CC)CCNC(=O)c1ccc(N)cc1,substrate,MRP2_substrate,False,True
Oestrone,CC12CCC3C(C1CCC2=O)CCC4=C3C=CC(=C4)O,CC12CCC3c4ccc(O)cc4CCC3C1CCC2=O,inhibitor,BCRP_inhibitor,False,True
Oestrone,CC12CCC3C(C1CCC2=O)CCC4=C3C=CC(=C4)O,CC12CCC3c4ccc(O)cc4CCC3C1CCC2=O,inhibitor,BSEP_inhibitor,False,True
Oestrone,CC12CCC3C(C1CCC2=O)CCC4=C3C=CC(=C4)O,CC12CCC3c4ccc(O)cc4CCC3C1CCC2=O,inhibitor,MRP1_inhibitor,True,False
Oestrone,CC12CCC3C(C1CCC2=O)CCC4=C3C=CC(=C4)O,CC12CCC3c4ccc(O)cc4CCC3C1CCC2=O,inhibitor,OATP1B1_inhibitor,False,True
Oestrone,CC12CCC3C(C1CCC2=O)CCC4=C3C=CC(=C4)O,CC12CCC3c4ccc(O)cc4CCC3C1CCC2=O,inhibitor,OATP1B3_inhibitor,False,True
Oestrone,CC12CCC3C(C1CCC2=O)CCC4=C3C=CC(=C4)O,CC12CCC3c4ccc(O)cc4CCC3C1CCC2=O,inhibitor,PGP_inhibitor,False,True
Oestrone,CC12CCC3C(C1CCC2=O)CCC4=C3C=CC(=C4)O,CC12CCC3c4ccc(O)cc4CCC3C1CCC2=O,inhibitor,MATE1_inhibitor,True,True
Oestrone,CC12CCC3C(C1CCC2=O)CCC4=C3C=CC(=C4)O,CC12CCC3c4ccc(O)cc4CCC3C1CCC2=O,inhibitor,MATE2_inhibitor,True,True
Oestrone,CC12CCC3C(C1CCC2=O)CCC4=C3C=CC(=C4)O,CC12CCC3c4ccc(O)cc4CCC3C1CCC2=O,inhibitor,OAT1_inhibitor,False,False
Oestrone,CC12CCC3C(C1CCC2=O)CCC4=C3C=CC(=C4)O,CC12CCC3c4ccc(O)cc4CCC3C1CCC2=O,inhibitor,OAT3_inhibitor,False,False
Oestrone,CC12CCC3C(C1CCC2=O)CCC4=C3C=CC(=C4)O,CC12CCC3c4ccc(O)cc4CCC3C1CCC2=O,inhibitor,OCT2_inhibitor,True,True
Oestrone,CC12CCC3C(C1CCC2=O)CCC4=C3C=CC(=C4)O,CC12CCC3c4ccc(O)cc4CCC3C1CCC2=O,inhibitor,MRP2_inhibitor,True,True
Oestrone,CC12CCC3C(C1CCC2=O)CCC4=C3C=CC(=C4)O,CC12CCC3c4ccc(O)cc4CCC3C1CCC2=O,substrate,BCRP_substrate,True,True
Oestrone,CC12CCC3C(C1CCC2=O)CCC4=C3C=CC(=C4)O,CC12CCC3c4ccc(O)cc4CCC3C1CCC2=O,substrate,MRP1_substrate,False,True
Oestrone,CC12CCC3C(C1CCC2=O)CCC4=C3C=CC(=C4)O,CC12CCC3c4ccc(O)cc4CCC3C1CCC2=O,substrate,PGP_substrate,False,True
Oestrone,CC12CCC3C(C1CCC2=O)CCC4=C3C=CC(=C4)O,CC12CCC3c4ccc(O)cc4CCC3C1CCC2=O,substrate,BSEP_substrate,False,True
Oestrone,CC12CCC3C(C1CCC2=O)CCC4=C3C=CC(=C4)O,CC12CCC3c4ccc(O)cc4CCC3C1CCC2=O,substrate,MATE1_substrate,True,True
Oestrone,CC12CCC3C(C1CCC2=O)CCC4=C3C=CC(=C4)O,CC12CCC3c4ccc(O)cc4CCC3C1CCC2=O,substrate,MATE2_substrate,True,True
Oestrone,CC12CCC3C(C1CCC2=O)CCC4=C3C=CC(=C4)O,CC12CCC3c4ccc(O)cc4CCC3C1CCC2=O,substrate,OAT1_substrate,False,False
Oestrone,CC12CCC3C(C1CCC2=O)CCC4=C3C=CC(=C4)O,CC12CCC3c4ccc(O)cc4CCC3C1CCC2=O,substrate,OAT3_substrate,True,True
Oestrone,CC12CCC3C(C1CCC2=O)CCC4=C3C=CC(=C4)O,CC12CCC3c4ccc(O)cc4CCC3C1CCC2=O,substrate,OATP1B1_substrate,True,True
Oestrone,CC12CCC3C(C1CCC2=O)CCC4=C3C=CC(=C4)O,CC12CCC3c4ccc(O)cc4CCC3C1CCC2=O,substrate,OATP1B3_substrate,True,True
Oestrone,CC12CCC3C(C1CCC2=O)CCC4=C3C=CC(=C4)O,CC12CCC3c4ccc(O)cc4CCC3C1CCC2=O,substrate,OCT2_substrate,False,False
Oestrone,CC12CCC3C(C1CCC2=O)CCC4=C3C=CC(=C4)O,CC12CCC3c4ccc(O)cc4CCC3C1CCC2=O,substrate,MRP2_substrate,True,True
Pravastatin,CCC(C)C(=O)OC1CC(C=C2C1C(C(C=C2)C)CCC(CC(CC(=O)O)O)O)O,CCC(C)C(=O)OC1CC(O)C=C2C=CC(C)C(CCC(O)CC(O)CC(=O)O)C21,inhibitor,BCRP_inhibitor,False,True
Pravastatin,CCC(C)C(=O)OC1CC(C=C2C1C(C(C=C2)C)CCC(CC(CC(=O)O)O)O)O,CCC(C)C(=O)OC1CC(O)C=C2C=CC(C)C(CCC(O)CC(O)CC(=O)O)C21,inhibitor,BSEP_inhibitor,False,True
Pravastatin,CCC(C)C(=O)OC1CC(C=C2C1C(C(C=C2)C)CCC(CC(CC(=O)O)O)O)O,CCC(C)C(=O)OC1CC(O)C=C2C=CC(C)C(CCC(O)CC(O)CC(=O)O)C21,inhibitor,MRP1_inhibitor,True,False
Pravastatin,CCC(C)C(=O)OC1CC(C=C2C1C(C(C=C2)C)CCC(CC(CC(=O)O)O)O)O,CCC(C)C(=O)OC1CC(O)C=C2C=CC(C)C(CCC(O)CC(O)CC(=O)O)C21,inhibitor,OATP1B1_inhibitor,True,True
Pravastatin,CCC(C)C(=O)OC1CC(C=C2C1C(C(C=C2)C)CCC(CC(CC(=O)O)O)O)O,CCC(C)C(=O)OC1CC(O)C=C2C=CC(C)C(CCC(O)CC(O)CC(=O)O)C21,inhibitor,OATP1B3_inhibitor,True,True
Pravastatin,CCC(C)C(=O)OC1CC(C=C2C1C(C(C=C2)C)CCC(CC(CC(=O)O)O)O)O,CCC(C)C(=O)OC1CC(O)C=C2C=CC(C)C(CCC(O)CC(O)CC(=O)O)C21,inhibitor,PGP_inhibitor,False,True
Pravastatin,CCC(C)C(=O)OC1CC(C=C2C1C(C(C=C2)C)CCC(CC(CC(=O)O)O)O)O,CCC(C)C(=O)OC1CC(O)C=C2C=CC(C)C(CCC(O)CC(O)CC(=O)O)C21,inhibitor,MATE1_inhibitor,False,False
Pravastatin,CCC(C)C(=O)OC1CC(C=C2C1C(C(C=C2)C)CCC(CC(CC(=O)O)O)O)O,CCC(C)C(=O)OC1CC(O)C=C2C=CC(C)C(CCC(O)CC(O)CC(=O)O)C21,inhibitor,MATE2_inhibitor,False,False
Pravastatin,CCC(C)C(=O)OC1CC(C=C2C1C(C(C=C2)C)CCC(CC(CC(=O)O)O)O)O,CCC(C)C(=O)OC1CC(O)C=C2C=CC(C)C(CCC(O)CC(O)CC(=O)O)C21,inhibitor,OAT1_inhibitor,False,False
Pravastatin,CCC(C)C(=O)OC1CC(C=C2C1C(C(C=C2)C)CCC(CC(CC(=O)O)O)O)O,CCC(C)C(=O)OC1CC(O)C=C2C=CC(C)C(CCC(O)CC(O)CC(=O)O)C21,inhibitor,OAT3_inhibitor,True,True
Pravastatin,CCC(C)C(=O)OC1CC(C=C2C1C(C(C=C2)C)CCC(CC(CC(=O)O)O)O)O,CCC(C)C(=O)OC1CC(O)C=C2C=CC(C)C(CCC(O)CC(O)CC(=O)O)C21,inhibitor,OCT2_inhibitor,False,False
Pravastatin,CCC(C)C(=O)OC1CC(C=C2C1C(C(C=C2)C)CCC(CC(CC(=O)O)O)O)O,CCC(C)C(=O)OC1CC(O)C=C2C=CC(C)C(CCC(O)CC(O)CC(=O)O)C21,inhibitor,MRP2_inhibitor,True,True
Pravastatin,CCC(C)C(=O)OC1CC(C=C2C1C(C(C=C2)C)CCC(CC(CC(=O)O)O)O)O,CCC(C)C(=O)OC1CC(O)C=C2C=CC(C)C(CCC(O)CC(O)CC(=O)O)C21,substrate,BCRP_substrate,True,True
Pravastatin,CCC(C)C(=O)OC1CC(C=C2C1C(C(C=C2)C)CCC(CC(CC(=O)O)O)O)O,CCC(C)C(=O)OC1CC(O)C=C2C=CC(C)C(CCC(O)CC(O)CC(=O)O)C21,substrate,MRP1_substrate,True,True
Pravastatin,CCC(C)C(=O)OC1CC(C=C2C1C(C(C=C2)C)CCC(CC(CC(=O)O)O)O)O,CCC(C)C(=O)OC1CC(O)C=C2C=CC(C)C(CCC(O)CC(O)CC(=O)O)C21,substrate,PGP_substrate,False,True
Pravastatin,CCC(C)C(=O)OC1CC(C=C2C1C(C(C=C2)C)CCC(CC(CC(=O)O)O)O)O,CCC(C)C(=O)OC1CC(O)C=C2C=CC(C)C(CCC(O)CC(O)CC(=O)O)C21,substrate,BSEP_substrate,True,True
Pravastatin,CCC(C)C(=O)OC1CC(C=C2C1C(C(C=C2)C)CCC(CC(CC(=O)O)O)O)O,CCC(C)C(=O)OC1CC(O)C=C2C=CC(C)C(CCC(O)CC(O)CC(=O)O)C21,substrate,MATE1_substrate,False,False
Pravastatin,CCC(C)C(=O)OC1CC(C=C2C1C(C(C=C2)C)CCC(CC(CC(=O)O)O)O)O,CCC(C)C(=O)OC1CC(O)C=C2C=CC(C)C(CCC(O)CC(O)CC(=O)O)C21,substrate,MATE2_substrate,False,False
Pravastatin,CCC(C)C(=O)OC1CC(C=C2C1C(C(C=C2)C)CCC(CC(CC(=O)O)O)O)O,CCC(C)C(=O)OC1CC(O)C=C2C=CC(C)C(CCC(O)CC(O)CC(=O)O)C21,substrate,OAT1_substrate,False,False
Pravastatin,CCC(C)C(=O)OC1CC(C=C2C1C(C(C=C2)C)CCC(CC(CC(=O)O)O)O)O,CCC(C)C(=O)OC1CC(O)C=C2C=CC(C)C(CCC(O)CC(O)CC(=O)O)C21,substrate,OAT3_substrate,True,True
Pravastatin,CCC(C)C(=O)OC1CC(C=C2C1C(C(C=C2)C)CCC(CC(CC(=O)O)O)O)O,CCC(C)C(=O)OC1CC(O)C=C2C=CC(C)C(CCC(O)CC(O)CC(=O)O)C21,substrate,OATP1B1_substrate,True,True
Pravastatin,CCC(C)C(=O)OC1CC(C=C2C1C(C(C=C2)C)CCC(CC(CC(=O)O)O)O)O,CCC(C)C(=O)OC1CC(O)C=C2C=CC(C)C(CCC(O)CC(O)CC(=O)O)C21,substrate,OATP1B3_substrate,False,True
Pravastatin,CCC(C)C(=O)OC1CC(C=C2C1C(C(C=C2)C)CCC(CC(CC(=O)O)O)O)O,CCC(C)C(=O)OC1CC(O)C=C2C=CC(C)C(CCC(O)CC(O)CC(=O)O)C21,substrate,OCT2_substrate,False,False
Pravastatin,CCC(C)C(=O)OC1CC(C=C2C1C(C(C=C2)C)CCC(CC(CC(=O)O)O)O)O,CCC(C)C(=O)OC1CC(O)C=C2C=CC(C)C(CCC(O)CC(O)CC(=O)O)C21,substrate,MRP2_substrate,True,True
Delaviridine,CC(C)NC1=C(N=CC=C1)N1CCN(CC1)C(=O)C1=CC2=C(N1)C=CC(NS(C)(=O)=O)=C2,CC(C)Nc1cccnc1N1CCN(C(=O)c2cc3cc(NS(C)(=O)=O)ccc3[nH]2)CC1,inhibitor,BCRP_inhibitor,True,True
Delaviridine,CC(C)NC1=C(N=CC=C1)N1CCN(CC1)C(=O)C1=CC2=C(N1)C=CC(NS(C)(=O)=O)=C2,CC(C)Nc1cccnc1N1CCN(C(=O)c2cc3cc(NS(C)(=O)=O)ccc3[nH]2)CC1,inhibitor,BSEP_inhibitor,False,True
Delaviridine,CC(C)NC1=C(N=CC=C1)N1CCN(CC1)C(=O)C1=CC2=C(N1)C=CC(NS(C)(=O)=O)=C2,CC(C)Nc1cccnc1N1CCN(C(=O)c2cc3cc(NS(C)(=O)=O)ccc3[nH]2)CC1,inhibitor,MRP1_inhibitor,True,True
Delaviridine,CC(C)NC1=C(N=CC=C1)N1CCN(CC1)C(=O)C1=CC2=C(N1)C=CC(NS(C)(=O)=O)=C2,CC(C)Nc1cccnc1N1CCN(C(=O)c2cc3cc(NS(C)(=O)=O)ccc3[nH]2)CC1,inhibitor,OATP1B1_inhibitor,False,True
Delaviridine,CC(C)NC1=C(N=CC=C1)N1CCN(CC1)C(=O)C1=CC2=C(N1)C=CC(NS(C)(=O)=O)=C2,CC(C)Nc1cccnc1N1CCN(C(=O)c2cc3cc(NS(C)(=O)=O)ccc3[nH]2)CC1,inhibitor,OATP1B3_inhibitor,False,True
Delaviridine,CC(C)NC1=C(N=CC=C1)N1CCN(CC1)C(=O)C1=CC2=C(N1)C=CC(NS(C)(=O)=O)=C2,CC(C)Nc1cccnc1N1CCN(C(=O)c2cc3cc(NS(C)(=O)=O)ccc3[nH]2)CC1,inhibitor,PGP_inhibitor,True,True
Delaviridine,CC(C)NC1=C(N=CC=C1)N1CCN(CC1)C(=O)C1=CC2=C(N1)C=CC(NS(C)(=O)=O)=C2,CC(C)Nc1cccnc1N1CCN(C(=O)c2cc3cc(NS(C)(=O)=O)ccc3[nH]2)CC1,inhibitor,MATE1_inhibitor,False,True
Delaviridine,CC(C)NC1=C(N=CC=C1)N1CCN(CC1)C(=O)C1=CC2=C(N1)C=CC(NS(C)(=O)=O)=C2,CC(C)Nc1cccnc1N1CCN(C(=O)c2cc3cc(NS(C)(=O)=O)ccc3[nH]2)CC1,inhibitor,MATE2_inhibitor,False,True
Delaviridine,CC(C)NC1=C(N=CC=C1)N1CCN(CC1)C(=O)C1=CC2=C(N1)C=CC(NS(C)(=O)=O)=C2,CC(C)Nc1cccnc1N1CCN(C(=O)c2cc3cc(NS(C)(=O)=O)ccc3[nH]2)CC1,inhibitor,OAT1_inhibitor,False,False
Delaviridine,CC(C)NC1=C(N=CC=C1)N1CCN(CC1)C(=O)C1=CC2=C(N1)C=CC(NS(C)(=O)=O)=C2,CC(C)Nc1cccnc1N1CCN(C(=O)c2cc3cc(NS(C)(=O)=O)ccc3[nH]2)CC1,inhibitor,OAT3_inhibitor,False,False
Delaviridine,CC(C)NC1=C(N=CC=C1)N1CCN(CC1)C(=O)C1=CC2=C(N1)C=CC(NS(C)(=O)=O)=C2,CC(C)Nc1cccnc1N1CCN(C(=O)c2cc3cc(NS(C)(=O)=O)ccc3[nH]2)CC1,inhibitor,OCT2_inhibitor,False,True
Delaviridine,CC(C)NC1=C(N=CC=C1)N1CCN(CC1)C(=O)C1=CC2=C(N1)C=CC(NS(C)(=O)=O)=C2,CC(C)Nc1cccnc1N1CCN(C(=O)c2cc3cc(NS(C)(=O)=O)ccc3[nH]2)CC1,inhibitor,MRP2_inhibitor,True,True
Delaviridine,CC(C)NC1=C(N=CC=C1)N1CCN(CC1)C(=O)C1=CC2=C(N1)C=CC(NS(C)(=O)=O)=C2,CC(C)Nc1cccnc1N1CCN(C(=O)c2cc3cc(NS(C)(=O)=O)ccc3[nH]2)CC1,substrate,BCRP_substrate,True,True
Delaviridine,CC(C)NC1=C(N=CC=C1)N1CCN(CC1)C(=O)C1=CC2=C(N1)C=CC(NS(C)(=O)=O)=C2,CC(C)Nc1cccnc1N1CCN(C(=O)c2cc3cc(NS(C)(=O)=O)ccc3[nH]2)CC1,substrate,MRP1_substrate,False,False
Delaviridine,CC(C)NC1=C(N=CC=C1)N1CCN(CC1)C(=O)C1=CC2=C(N1)C=CC(NS(C)(=O)=O)=C2,CC(C)Nc1cccnc1N1CCN(C(=O)c2cc3cc(NS(C)(=O)=O)ccc3[nH]2)CC1,substrate,PGP_substrate,True,True
Delaviridine,CC(C)NC1=C(N=CC=C1)N1CCN(CC1)C(=O)C1=CC2=C(N1)C=CC(NS(C)(=O)=O)=C2,CC(C)Nc1cccnc1N1CCN(C(=O)c2cc3cc(NS(C)(=O)=O)ccc3[nH]2)CC1,substrate,BSEP_substrate,False,True
Delaviridine,CC(C)NC1=C(N=CC=C1)N1CCN(CC1)C(=O)C1=CC2=C(N1)C=CC(NS(C)(=O)=O)=C2,CC(C)Nc1cccnc1N1CCN(C(=O)c2cc3cc(NS(C)(=O)=O)ccc3[nH]2)CC1,substrate,MATE1_substrate,False,True
Delaviridine,CC(C)NC1=C(N=CC=C1)N1CCN(CC1)C(=O)C1=CC2=C(N1)C=CC(NS(C)(=O)=O)=C2,CC(C)Nc1cccnc1N1CCN(C(=O)c2cc3cc(NS(C)(=O)=O)ccc3[nH]2)CC1,substrate,MATE2_substrate,False,False
Delaviridine,CC(C)NC1=C(N=CC=C1)N1CCN(CC1)C(=O)C1=CC2=C(N1)C=CC(NS(C)(=O)=O)=C2,CC(C)Nc1cccnc1N1CCN(C(=O)c2cc3cc(NS(C)(=O)=O)ccc3[nH]2)CC1,substrate,OAT1_substrate,False,False
Delaviridine,CC(C)NC1=C(N=CC=C1)N1CCN(CC1)C(=O)C1=CC2=C(N1)C=CC(NS(C)(=O)=O)=C2,CC(C)Nc1cccnc1N1CCN(C(=O)c2cc3cc(NS(C)(=O)=O)ccc3[nH]2)CC1,substrate,OAT3_substrate,False,False
Delaviridine,CC(C)NC1=C(N=CC=C1)N1CCN(CC1)C(=O)C1=CC2=C(N1)C=CC(NS(C)(=O)=O)=C2,CC(C)Nc1cccnc1N1CCN(C(=O)c2cc3cc(NS(C)(=O)=O)ccc3[nH]2)CC1,substrate,OATP1B1_substrate,False,True
Delaviridine,CC(C)NC1=C(N=CC=C1)N1CCN(CC1)C(=O)C1=CC2=C(N1)C=CC(NS(C)(=O)=O)=C2,CC(C)Nc1cccnc1N1CCN(C(=O)c2cc3cc(NS(C)(=O)=O)ccc3[nH]2)CC1,substrate,OATP1B3_substrate,False,True
Delaviridine,CC(C)NC1=C(N=CC=C1)N1CCN(CC1)C(=O)C1=CC2=C(N1)C=CC(NS(C)(=O)=O)=C2,CC(C)Nc1cccnc1N1CCN(C(=O)c2cc3cc(NS(C)(=O)=O)ccc3[nH]2)CC1,substrate,OCT2_substrate,False,True
Delaviridine,CC(C)NC1=C(N=CC=C1)N1CCN(CC1)C(=O)C1=CC2=C(N1)C=CC(NS(C)(=O)=O)=C2,CC(C)Nc1cccnc1N1CCN(C(=O)c2cc3cc(NS(C)(=O)=O)ccc3[nH]2)CC1,substrate,MRP2_substrate,False,True
Loperamide,CN(C)C(=O)C(CCN1CCC(O)(CC1)C1=CC=C(Cl)C=C1)(C1=CC=CC=C1)C1=CC=CC=C1,CN(C)C(=O)C(CCN1CCC(O)(c2ccc(Cl)cc2)CC1)(c1ccccc1)c1ccccc1,inhibitor,BCRP_inhibitor,False,True
Loperamide,CN(C)C(=O)C(CCN1CCC(O)(CC1)C1=CC=C(Cl)C=C1)(C1=CC=CC=C1)C1=CC=CC=C1,CN(C)C(=O)C(CCN1CCC(O)(c2ccc(Cl)cc2)CC1)(c1ccccc1)c1ccccc1,inhibitor,BSEP_inhibitor,False,True
Loperamide,CN(C)C(=O)C(CCN1CCC(O)(CC1)C1=CC=C(Cl)C=C1)(C1=CC=CC=C1)C1=CC=CC=C1,CN(C)C(=O)C(CCN1CCC(O)(c2ccc(Cl)cc2)CC1)(c1ccccc1)c1ccccc1,inhibitor,MRP1_inhibitor,True,True
Loperamide,CN(C)C(=O)C(CCN1CCC(O)(CC1)C1=CC=C(Cl)C=C1)(C1=CC=CC=C1)C1=CC=CC=C1,CN(C)C(=O)C(CCN1CCC(O)(c2ccc(Cl)cc2)CC1)(c1ccccc1)c1ccccc1,inhibitor,OATP1B1_inhibitor,False,True
Loperamide,CN(C)C(=O)C(CCN1CCC(O)(CC1)C1=CC=C(Cl)C=C1)(C1=CC=CC=C1)C1=CC=CC=C1,CN(C)C(=O)C(CCN1CCC(O)(c2ccc(Cl)cc2)CC1)(c1ccccc1)c1ccccc1,inhibitor,OATP1B3_inhibitor,False,True
Loperamide,CN(C)C(=O)C(CCN1CCC(O)(CC1)C1=CC=C(Cl)C=C1)(C1=CC=CC=C1)C1=CC=CC=C1,CN(C)C(=O)C(CCN1CCC(O)(c2ccc(Cl)cc2)CC1)(c1ccccc1)c1ccccc1,inhibitor,PGP_inhibitor,True,True
Loperamide,CN(C)C(=O)C(CCN1CCC(O)(CC1)C1=CC=C(Cl)C=C1)(C1=CC=CC=C1)C1=CC=CC=C1,CN(C)C(=O)C(CCN1CCC(O)(c2ccc(Cl)cc2)CC1)(c1ccccc1)c1ccccc1,inhibitor,MATE1_inhibitor,False,True
Loperamide,CN(C)C(=O)C(CCN1CCC(O)(CC1)C1=CC=C(Cl)C=C1)(C1=CC=CC=C1)C1=CC=CC=C1,CN(C)C(=O)C(CCN1CCC(O)(c2ccc(Cl)cc2)CC1)(c1ccccc1)c1ccccc1,inhibitor,MATE2_inhibitor,False,True
Loperamide,CN(C)C(=O)C(CCN1CCC(O)(CC1)C1=CC=C(Cl)C=C1)(C1=CC=CC=C1)C1=CC=CC=C1,CN(C)C(=O)C(CCN1CCC(O)(c2ccc(Cl)cc2)CC1)(c1ccccc1)c1ccccc1,inhibitor,OAT1_inhibitor,False,True
Loperamide,CN(C)C(=O)C(CCN1CCC(O)(CC1)C1=CC=C(Cl)C=C1)(C1=CC=CC=C1)C1=CC=CC=C1,CN(C)C(=O)C(CCN1CCC(O)(c2ccc(Cl)cc2)CC1)(c1ccccc1)c1ccccc1,inhibitor,OAT3_inhibitor,False,False
Loperamide,CN(C)C(=O)C(CCN1CCC(O)(CC1)C1=CC=C(Cl)C=C1)(C1=CC=CC=C1)C1=CC=CC=C1,CN(C)C(=O)C(CCN1CCC(O)(c2ccc(Cl)cc2)CC1)(c1ccccc1)c1ccccc1,inhibitor,OCT2_inhibitor,False,True
Loperamide,CN(C)C(=O)C(CCN1CCC(O)(CC1)C1=CC=C(Cl)C=C1)(C1=CC=CC=C1)C1=CC=CC=C1,CN(C)C(=O)C(CCN1CCC(O)(c2ccc(Cl)cc2)CC1)(c1ccccc1)c1ccccc1,inhibitor,MRP2_inhibitor,True,True
Loperamide,CN(C)C(=O)C(CCN1CCC(O)(CC1)C1=CC=C(Cl)C=C1)(C1=CC=CC=C1)C1=CC=CC=C1,CN(C)C(=O)C(CCN1CCC(O)(c2ccc(Cl)cc2)CC1)(c1ccccc1)c1ccccc1,substrate,BCRP_substrate,False,True
Loperamide,CN(C)C(=O)C(CCN1CCC(O)(CC1)C1=CC=C(Cl)C=C1)(C1=CC=CC=C1)C1=CC=CC=C1,CN(C)C(=O)C(CCN1CCC(O)(c2ccc(Cl)cc2)CC1)(c1ccccc1)c1ccccc1,substrate,MRP1_substrate,False,False
Loperamide,CN(C)C(=O)C(CCN1CCC(O)(CC1)C1=CC=C(Cl)C=C1)(C1=CC=CC=C1)C1=CC=CC=C1,CN(C)C(=O)C(CCN1CCC(O)(c2ccc(Cl)cc2)CC1)(c1ccccc1)c1ccccc1,substrate,PGP_substrate,True,True
Loperamide,CN(C)C(=O)C(CCN1CCC(O)(CC1)C1=CC=C(Cl)C=C1)(C1=CC=CC=C1)C1=CC=CC=C1,CN(C)C(=O)C(CCN1CCC(O)(c2ccc(Cl)cc2)CC1)(c1ccccc1)c1ccccc1,substrate,BSEP_substrate,False,True
Loperamide,CN(C)C(=O)C(CCN1CCC(O)(CC1)C1=CC=C(Cl)C=C1)(C1=CC=CC=C1)C1=CC=CC=C1,CN(C)C(=O)C(CCN1CCC(O)(c2ccc(Cl)cc2)CC1)(c1ccccc1)c1ccccc1,substrate,MATE1_substrate,False,True
Loperamide,CN(C)C(=O)C(CCN1CCC(O)(CC1)C1=CC=C(Cl)C=C1)(C1=CC=CC=C1)C1=CC=CC=C1,CN(C)C(=O)C(CCN1CCC(O)(c2ccc(Cl)cc2)CC1)(c1ccccc1)c1ccccc1,substrate,MATE2_substrate,False,False
Loperamide,CN(C)C(=O)C(CCN1CCC(O)(CC1)C1=CC=C(Cl)C=C1)(C1=CC=CC=C1)C1=CC=CC=C1,CN(C)C(=O)C(CCN1CCC(O)(c2ccc(Cl)cc2)CC1)(c1ccccc1)c1ccccc1,substrate,OAT1_substrate,False,True
Loperamide,CN(C)C(=O)C(CCN1CCC(O)(CC1)C1=CC=C(Cl)C=C1)(C1=CC=CC=C1)C1=CC=CC=C1,CN(C)C(=O)C(CCN1CCC(O)(c2ccc(Cl)cc2)CC1)(c1ccccc1)c1ccccc1,substrate,OAT3_substrate,False,True
Loperamide,CN(C)C(=O)C(CCN1CCC(O)(CC1)C1=CC=C(Cl)C=C1)(C1=CC=CC=C1)C1=CC=CC=C1,CN(C)C(=O)C(CCN1CCC(O)(c2ccc(Cl)cc2)CC1)(c1ccccc1)c1ccccc1,substrate,OATP1B1_substrate,False,False
Loperamide,CN(C)C(=O)C(CCN1CCC(O)(CC1)C1=CC=C(Cl)C=C1)(C1=CC=CC=C1)C1=CC=CC=C1,CN(C)C(=O)C(CCN1CCC(O)(c2ccc(Cl)cc2)CC1)(c1ccccc1)c1ccccc1,substrate,OATP1B3_substrate,False,True
Loperamide,CN(C)C(=O)C(CCN1CCC(O)(CC1)C1=CC=C(Cl)C=C1)(C1=CC=CC=C1)C1=CC=CC=C1,CN(C)C(=O)C(CCN1CCC(O)(c2ccc(Cl)cc2)CC1)(c1ccccc1)c1ccccc1,substrate,OCT2_substrate,False,True
Loperamide,CN(C)C(=O)C(CCN1CCC(O)(CC1)C1=CC=C(Cl)C=C1)(C1=CC=CC=C1)C1=CC=CC=C1,CN(C)C(=O)C(CCN1CCC(O)(c2ccc(Cl)cc2)CC1)(c1ccccc1)c1ccccc1,substrate,MRP2_substrate,False,True
Rifampicin,CC1C=CC=C(C(=O)NC2=C(C(=C3C(=C2O)C(=C(C4=C3C(=O)C(O4)(OC=CC(C(C(C(C(C(C1O)C)O)C)OC(=O)C)C)OC)C)C)O)O)C=NN5CCN(CC5)C)C,COC1C=COC2(C)Oc3c(C)c(O)c4c(O)c(c(C=NN5CCN(C)CC5)c(O)c4c3C2=O)NC(=O)C(C)=CC=CC(C)C(O)C(C)C(O)C(C)C(OC(C)=O)C1C,inhibitor,BCRP_inhibitor,False,True
Rifampicin,CC1C=CC=C(C(=O)NC2=C(C(=C3C(=C2O)C(=C(C4=C3C(=O)C(O4)(OC=CC(C(C(C(C(C(C1O)C)O)C)OC(=O)C)C)OC)C)C)O)O)C=NN5CCN(CC5)C)C,COC1C=COC2(C)Oc3c(C)c(O)c4c(O)c(c(C=NN5CCN(C)CC5)c(O)c4c3C2=O)NC(=O)C(C)=CC=CC(C)C(O)C(C)C(O)C(C)C(OC(C)=O)C1C,inhibitor,BSEP_inhibitor,False,True
Rifampicin,CC1C=CC=C(C(=O)NC2=C(C(=C3C(=C2O)C(=C(C4=C3C(=O)C(O4)(OC=CC(C(C(C(C(C(C1O)C)O)C)OC(=O)C)C)OC)C)C)O)O)C=NN5CCN(CC5)C)C,COC1C=COC2(C)Oc3c(C)c(O)c4c(O)c(c(C=NN5CCN(C)CC5)c(O)c4c3C2=O)NC(=O)C(C)=CC=CC(C)C(O)C(C)C(O)C(C)C(OC(C)=O)C1C,inhibitor,MRP1_inhibitor,True,False
Rifampicin,CC1C=CC=C(C(=O)NC2=C(C(=C3C(=C2O)C(=C(C4=C3C(=O)C(O4)(OC=CC(C(C(C(C(C(C1O)C)O)C)OC(=O)C)C)OC)C)C)O)O)C=NN5CCN(CC5)C)C,COC1C=COC2(C)Oc3c(C)c(O)c4c(O)c(c(C=NN5CCN(C)CC5)c(O)c4c3C2=O)NC(=O)C(C)=CC=CC(C)C(O)C(C)C(O)C(C)C(OC(C)=O)C1C,inhibitor,OATP1B1_inhibitor,False,True
Rifampicin,CC1C=CC=C(C(=O)NC2=C(C(=C3C(=C2O)C(=C(C4=C3C(=O)C(O4)(OC=CC(C(C(C(C(C(C1O)C)O)C)OC(=O)C)C)OC)C)C)O)O)C=NN5CCN(CC5)C)C,COC1C=COC2(C)Oc3c(C)c(O)c4c(O)c(c(C=NN5CCN(C)CC5)c(O)c4c3C2=O)NC(=O)C(C)=CC=CC(C)C(O)C(C)C(O)C(C)C(OC(C)=O)C1C,inhibitor,OATP1B3_inhibitor,True,True
Rifampicin,CC1C=CC=C(C(=O)NC2=C(C(=C3C(=C2O)C(=C(C4=C3C(=O)C(O4)(OC=CC(C(C(C(C(C(C1O)C)O)C)OC(=O)C)C)OC)C)C)O)O)C=NN5CCN(CC5)C)C,COC1C=COC2(C)Oc3c(C)c(O)c4c(O)c(c(C=NN5CCN(C)CC5)c(O)c4c3C2=O)NC(=O)C(C)=CC=CC(C)C(O)C(C)C(O)C(C)C(OC(C)=O)C1C,inhibitor,PGP_inhibitor,False,True
Rifampicin,CC1C=CC=C(C(=O)NC2=C(C(=C3C(=C2O)C(=C(C4=C3C(=O)C(O4)(OC=CC(C(C(C(C(C(C1O)C)O)C)OC(=O)C)C)OC)C)C)O)O)C=NN5CCN(CC5)C)C,COC1C=COC2(C)Oc3c(C)c(O)c4c(O)c(c(C=NN5CCN(C)CC5)c(O)c4c3C2=O)NC(=O)C(C)=CC=CC(C)C(O)C(C)C(O)C(C)C(OC(C)=O)C1C,inhibitor,MATE1_inhibitor,False,False
Rifampicin,CC1C=CC=C(C(=O)NC2=C(C(=C3C(=C2O)C(=C(C4=C3C(=O)C(O4)(OC=CC(C(C(C(C(C(C1O)C)O)C)OC(=O)C)C)OC)C)C)O)O)C=NN5CCN(CC5)C)C,COC1C=COC2(C)Oc3c(C)c(O)c4c(O)c(c(C=NN5CCN(C)CC5)c(O)c4c3C2=O)NC(=O)C(C)=CC=CC(C)C(O)C(C)C(O)C(C)C(OC(C)=O)C1C,inhibitor,MATE2_inhibitor,False,False
Rifampicin,CC1C=CC=C(C(=O)NC2=C(C(=C3C(=C2O)C(=C(C4=C3C(=O)C(O4)(OC=CC(C(C(C(C(C(C1O)C)O)C)OC(=O)C)C)OC)C)C)O)O)C=NN5CCN(CC5)C)C,COC1C=COC2(C)Oc3c(C)c(O)c4c(O)c(c(C=NN5CCN(C)CC5)c(O)c4c3C2=O)NC(=O)C(C)=CC=CC(C)C(O)C(C)C(O)C(C)C(OC(C)=O)C1C,inhibitor,OAT1_inhibitor,False,False
Rifampicin,CC1C=CC=C(C(=O)NC2=C(C(=C3C(=C2O)C(=C(C4=C3C(=O)C(O4)(OC=CC(C(C(C(C(C(C1O)C)O)C)OC(=O)C)C)OC)C)C)O)O)C=NN5CCN(CC5)C)C,COC1C=COC2(C)Oc3c(C)c(O)c4c(O)c(c(C=NN5CCN(C)CC5)c(O)c4c3C2=O)NC(=O)C(C)=CC=CC(C)C(O)C(C)C(O)C(C)C(OC(C)=O)C1C,inhibitor,OAT3_inhibitor,False,False
Rifampicin,CC1C=CC=C(C(=O)NC2=C(C(=C3C(=C2O)C(=C(C4=C3C(=O)C(O4)(OC=CC(C(C(C(C(C(C1O)C)O)C)OC(=O)C)C)OC)C)C)O)O)C=NN5CCN(CC5)C)C,COC1C=COC2(C)Oc3c(C)c(O)c4c(O)c(c(C=NN5CCN(C)CC5)c(O)c4c3C2=O)NC(=O)C(C)=CC=CC(C)C(O)C(C)C(O)C(C)C(OC(C)=O)C1C,inhibitor,OCT2_inhibitor,False,False
Rifampicin,CC1C=CC=C(C(=O)NC2=C(C(=C3C(=C2O)C(=C(C4=C3C(=O)C(O4)(OC=CC(C(C(C(C(C(C1O)C)O)C)OC(=O)C)C)OC)C)C)O)O)C=NN5CCN(CC5)C)C,COC1C=COC2(C)Oc3c(C)c(O)c4c(O)c(c(C=NN5CCN(C)CC5)c(O)c4c3C2=O)NC(=O)C(C)=CC=CC(C)C(O)C(C)C(O)C(C)C(OC(C)=O)C1C,inhibitor,MRP2_inhibitor,True,True
Rifampicin,CC1C=CC=C(C(=O)NC2=C(C(=C3C(=C2O)C(=C(C4=C3C(=O)C(O4)(OC=CC(C(C(C(C(C(C1O)C)O)C)OC(=O)C)C)OC)C)C)O)O)C=NN5CCN(CC5)C)C,COC1C=COC2(C)Oc3c(C)c(O)c4c(O)c(c(C=NN5CCN(C)CC5)c(O)c4c3C2=O)NC(=O)C(C)=CC=CC(C)C(O)C(C)C(O)C(C)C(OC(C)=O)C1C,substrate,BCRP_substrate,True,True
Rifampicin,CC1C=CC=C(C(=O)NC2=C(C(=C3C(=C2O)C(=C(C4=C3C(=O)C(O4)(OC=CC(C(C(C(C(C(C1O)C)O)C)OC(=O)C)C)OC)C)C)O)O)C=NN5CCN(CC5)C)C,COC1C=COC2(C)Oc3c(C)c(O)c4c(O)c(c(C=NN5CCN(C)CC5)c(O)c4c3C2=O)NC(=O)C(C)=CC=CC(C)C(O)C(C)C(O)C(C)C(OC(C)=O)C1C,substrate,MRP1_substrate,True,False
Rifampicin,CC1C=CC=C(C(=O)NC2=C(C(=C3C(=C2O)C(=C(C4=C3C(=O)C(O4)(OC=CC(C(C(C(C(C(C1O)C)O)C)OC(=O)C)C)OC)C)C)O)O)C=NN5CCN(CC5)C)C,COC1C=COC2(C)Oc3c(C)c(O)c4c(O)c(c(C=NN5CCN(C)CC5)c(O)c4c3C2=O)NC(=O)C(C)=CC=CC(C)C(O)C(C)C(O)C(C)C(OC(C)=O)C1C,substrate,PGP_substrate,True,True
Rifampicin,CC1C=CC=C(C(=O)NC2=C(C(=C3C(=C2O)C(=C(C4=C3C(=O)C(O4)(OC=CC(C(C(C(C(C(C1O)C)O)C)OC(=O)C)C)OC)C)C)O)O)C=NN5CCN(CC5)C)C,COC1C=COC2(C)Oc3c(C)c(O)c4c(O)c(c(C=NN5CCN(C)CC5)c(O)c4c3C2=O)NC(=O)C(C)=CC=CC(C)C(O)C(C)C(O)C(C)C(OC(C)=O)C1C,substrate,BSEP_substrate,False,False
Rifampicin,CC1C=CC=C(C(=O)NC2=C(C(=C3C(=C2O)C(=C(C4=C3C(=O)C(O4)(OC=CC(C(C(C(C(C(C1O)C)O)C)OC(=O)C)C)OC)C)C)O)O)C=NN5CCN(CC5)C)C,COC1C=COC2(C)Oc3c(C)c(O)c4c(O)c(c(C=NN5CCN(C)CC5)c(O)c4c3C2=O)NC(=O)C(C)=CC=CC(C)C(O)C(C)C(O)C(C)C(OC(C)=O)C1C,substrate,MATE1_substrate,False,False
Rifampicin,CC1C=CC=C(C(=O)NC2=C(C(=C3C(=C2O)C(=C(C4=C3C(=O)C(O4)(OC=CC(C(C(C(C(C(C1O)C)O)C)OC(=O)C)C)OC)C)C)O)O)C=NN5CCN(CC5)C)C,COC1C=COC2(C)Oc3c(C)c(O)c4c(O)c(c(C=NN5CCN(C)CC5)c(O)c4c3C2=O)NC(=O)C(C)=CC=CC(C)C(O)C(C)C(O)C(C)C(OC(C)=O)C1C,substrate,MATE2_substrate,False,False
Rifampicin,CC1C=CC=C(C(=O)NC2=C(C(=C3C(=C2O)C(=C(C4=C3C(=O)C(O4)(OC=CC(C(C(C(C(C(C1O)C)O)C)OC(=O)C)C)OC)C)C)O)O)C=NN5CCN(CC5)C)C,COC1C=COC2(C)Oc3c(C)c(O)c4c(O)c(c(C=NN5CCN(C)CC5)c(O)c4c3C2=O)NC(=O)C(C)=CC=CC(C)C(O)C(C)C(O)C(C)C(OC(C)=O)C1C,substrate,OAT1_substrate,False,False
Rifampicin,CC1C=CC=C(C(=O)NC2=C(C(=C3C(=C2O)C(=C(C4=C3C(=O)C(O4)(OC=CC(C(C(C(C(C(C1O)C)O)C)OC(=O)C)C)OC)C)C)O)O)C=NN5CCN(CC5)C)C,COC1C=COC2(C)Oc3c(C)c(O)c4c(O)c(c(C=NN5CCN(C)CC5)c(O)c4c3C2=O)NC(=O)C(C)=CC=CC(C)C(O)C(C)C(O)C(C)C(OC(C)=O)C1C,substrate,OAT3_substrate,False,False
Rifampicin,CC1C=CC=C(C(=O)NC2=C(C(=C3C(=C2O)C(=C(C4=C3C(=O)C(O4)(OC=CC(C(C(C(C(C(C1O)C)O)C)OC(=O)C)C)OC)C)C)O)O)C=NN5CCN(CC5)C)C,COC1C=COC2(C)Oc3c(C)c(O)c4c(O)c(c(C=NN5CCN(C)CC5)c(O)c4c3C2=O)NC(=O)C(C)=CC=CC(C)C(O)C(C)C(O)C(C)C(OC(C)=O)C1C,substrate,OATP1B1_substrate,True,True
Rifampicin,CC1C=CC=C(C(=O)NC2=C(C(=C3C(=C2O)C(=C(C4=C3C(=O)C(O4)(OC=CC(C(C(C(C(C(C1O)C)O)C)OC(=O)C)C)OC)C)C)O)O)C=NN5CCN(CC5)C)C,COC1C=COC2(C)Oc3c(C)c(O)c4c(O)c(c(C=NN5CCN(C)CC5)c(O)c4c3C2=O)NC(=O)C(C)=CC=CC(C)C(O)C(C)C(O)C(C)C(OC(C)=O)C1C,substrate,OATP1B3_substrate,True,True
Rifampicin,CC1C=CC=C(C(=O)NC2=C(C(=C3C(=C2O)C(=C(C4=C3C(=O)C(O4)(OC=CC(C(C(C(C(C(C1O)C)O)C)OC(=O)C)C)OC)C)C)O)O)C=NN5CCN(CC5)C)C,COC1C=COC2(C)Oc3c(C)c(O)c4c(O)c(c(C=NN5CCN(C)CC5)c(O)c4c3C2=O)NC(=O)C(C)=CC=CC(C)C(O)C(C)C(O)C(C)C(OC(C)=O)C1C,substrate,OCT2_substrate,False,False
Rifampicin,CC1C=CC=C(C(=O)NC2=C(C(=C3C(=C2O)C(=C(C4=C3C(=O)C(O4)(OC=CC(C(C(C(C(C(C1O)C)O)C)OC(=O)C)C)OC)C)C)O)O)C=NN5CCN(CC5)C)C,COC1C=COC2(C)Oc3c(C)c(O)c4c(O)c(c(C=NN5CCN(C)CC5)c(O)c4c3C2=O)NC(=O)C(C)=CC=CC(C)C(O)C(C)C(O)C(C)C(OC(C)=O)C1C,substrate,MRP2_substrate,True,True
